setting,regress,checkpoint,n,mae
regress_1_2,0.5,early_pooled,369.0,9.557656886909102
regress_1_2,0.5,week_1,64.0,9.998658436410025
regress_1_2,0.5,week_2,64.0,9.672098339542549
regress_1_2,0.5,week_3,64.0,9.346771976778133
regress_1_2,0.5,week_4,62.0,9.043429124568247
regress_1_2,0.5,week_6,56.0,10.771269543264813
regress_1_2,0.5,week_8,59.0,8.572370355061585
regress_1_2,0.5,weeks_9_18,580.0,10.440114461182976
regress_1_3,0.3333333333333333,early_pooled,369.0,9.565759361684485
regress_1_3,0.3333333333333333,week_1,64.0,10.040644076713871
regress_1_3,0.3333333333333333,week_2,64.0,9.673859298939318
regress_1_3,0.3333333333333333,week_3,64.0,9.393391793429563
regress_1_3,0.3333333333333333,week_4,62.0,8.922557533169693
regress_1_3,0.3333333333333333,week_6,56.0,10.864459246615036
regress_1_3,0.3333333333333333,week_8,59.0,8.56358692836129
regress_1_3,0.3333333333333333,weeks_9_18,580.0,10.47739922560408
regress_2_3,0.6666666666666666,early_pooled,369.0,9.628637347142114
regress_2_3,0.6666666666666666,week_1,64.0,10.10640213463029
regress_2_3,0.6666666666666666,week_2,64.0,9.735393270196518
regress_2_3,0.6666666666666666,week_3,64.0,9.379872266412907
regress_2_3,0.6666666666666666,week_4,62.0,9.304189185871381
regress_2_3,0.6666666666666666,week_6,56.0,10.675755990256603
regress_2_3,0.6666666666666666,week_8,59.0,8.61149805352038
regress_2_3,0.6666666666666666,weeks_9_18,580.0,10.417614446601574
regress_full,1.0,early_pooled,369.0,10.045899600779734
regress_full,1.0,week_1,64.0,10.608926875675902
regress_full,1.0,week_2,64.0,10.394414539069121
regress_full,1.0,week_3,64.0,9.737561339742161
regress_full,1.0,week_4,62.0,10.004338022304974
regress_full,1.0,week_6,56.0,10.641232576386525
regress_full,1.0,week_8,59.0,8.870189741355738
regress_full,1.0,weeks_9_18,580.0,10.466428971330417
