team,elo,elo_rank,elo_2025_final,elo_preseason_2026,elo_change_from_preseason,wl,gp,pt_diff,off_epa,off_epa_rank,def_epa,def_epa_rank,net_sr,net_sr_rank,perf_rank,d_off,d_def,d_sr,d_wl,d_perf,abs_d_perf
CAR,1425.8649162496097,28,1381.9823259241134,1421.3215506160757,4.543365633533995,1-2,3,6.0,-0.000918971220729585,13,-0.018736300957745228,15,-0.01223694626448657,18,11,15,13,10,11,17,17
NO,1429.0989395855956,27,1395.3552595712688,1430.2368397141793,-1.1379001285836239,1-2,3,-2.0,0.0045344936535780984,12,0.0020625043423814528,17,0.004533233225747446,15,11,15,10,12,10,16,16
PIT,1517.3086369230718,15,1514.7142413983815,1509.8094942655878,7.499142657484072,2-1,3,-7.0,-0.09147961307027784,28,0.01882101301928748,18,-0.03862869405706232,24,29,-13,-3,-9,9,-14,14
GB,1479.6802391228994,17,1548.7508694644898,1532.5005796429932,-52.82034052009385,1-2,3,-35.0,-0.04686188388936361,18,0.08487995823679856,28,-0.07032324398352058,31,31,-1,-11,-14,0,-14,14
MIN,1610.1504249833954,4,1578.870204141776,1552.5801360945172,57.57028888887817,3-0,3,30.0,-0.11132497722767544,30,-0.17896932239097918,1,0.004579488317062008,14,16,-26,3,-10,3,-12,12
PHI,1556.847026400932,12,1613.157907144324,1575.4386047628827,-18.591578361950724,2-1,3,-14.0,-0.06128392097776481,22,0.026952768358173826,20,-0.03714912081839539,23,24,-10,-8,-11,6,-12,12
CIN,1515.0270183352172,16,1463.2255353165262,1475.4836902110176,39.54332812419966,2-1,3,17.0,0.06876138850498979,8,-0.019664995542263322,14,0.040055197004104925,8,6,8,2,8,10,10,10
ATL,1450.778314183336,18,1450.452333819687,1466.968222546458,-16.18990836312196,1-2,3,-17.0,-0.06027166547837877,21,-0.02151005184396184,13,0.053056332986446186,4,9,-3,5,14,1,9,9
TEN,1298.9344173626612,32,1265.817842204216,1343.8785614694773,-44.94414410681611,0-3,3,-22.0,-0.07910952165601676,24,0.03057316461334527,22,-0.020508316615299838,19,23,8,10,13,4,9,9
NE,1563.2465139632122,9,1626.2291366569473,1584.1527577712982,-20.906243808085947,1-2,3,-15.0,-0.1072841121672905,29,-0.05135812655792515,7,-0.010694490126866352,17,18,-20,2,-8,-8,-9,9
IND,1441.70407953656,21,1444.5261798378453,1463.0174532252302,-21.313373688670254,1-2,3,-19.0,-0.053415995610685385,20,0.0790647017510227,27,-0.04038446100115811,26,28,1,-6,-5,4,-7,7
SF,1612.484146718453,3,1583.3902193313631,1555.593479554242,56.89066716421098,3-0,3,48.0,0.21845995428252712,1,0.033412663344792204,23,0.04374866100277225,7,10,2,-20,-4,2,-7,7
LV,1437.482957374901,23,1268.2206980967208,1345.4804653978138,92.00249197708717,3-0,3,34.0,-0.07475349837071314,23,-0.11325042014491332,3,-0.03899941059869383,25,17,0,20,-2,22,6,6
DEN,1603.1229902168732,5,1660.9680562822741,1607.312037521516,-4.189047304642827,2-1,3,-10.0,-0.04521134758499379,17,-0.009741593369691642,16,0.005842173170730991,13,11,-12,-11,-8,-1,-6,6
BUF,1654.3134733667864,2,1667.7393435724732,1611.8262290483156,42.48724431847086,3-0,3,23.0,0.1483482397671203,2,0.025886498798617198,19,0.035760031297610406,9,8,0,-17,-7,1,-6,6
TB,1432.5186081459592,25,1476.2572069728324,1484.1714713152217,-51.652863169262446,0-3,3,-17.0,-0.11471944363623655,31,-0.048220476029360484,8,-0.0024556385822413485,16,19,-6,17,9,-3,6,6
CHI,1559.3361670394977,10,1534.2312512334413,1522.8208341556276,36.51533288387009,2-1,3,36.0,0.0762864340859839,7,-0.04150322789735499,10,0.02956265678484382,11,5,3,0,-1,4,5,5
KC,1566.24062557052,8,1506.1840065501178,1504.122671033412,62.11795453710806,3-0,3,38.0,0.04554518008170507,10,-0.0846404663762896,5,0.06333028415979053,3,3,-2,3,5,7,5,5
JAX,1587.804000991637,6,1587.3945868637022,1558.263057909135,29.540943082502054,2-1,3,46.0,0.11941380059238477,4,-0.09102701744541276,4,0.06657045308200926,2,1,2,2,4,0,5,5
NYJ,1366.4177582017912,31,1284.097715791502,1356.0651438610014,10.352614340789842,1-2,3,3.0,-0.033562757726750284,16,0.05796325036733277,25,-0.05901007441204453,30,27,15,6,1,14,4,4
BAL,1559.1567529118809,11,1574.094494604439,1549.3963297362927,9.76042317558813,2-1,3,14.0,0.13308148123028027,3,0.028677583439777492,21,0.05229753941086829,5,7,8,-10,6,5,4,4
CLE,1433.0737263293581,24,1372.2206551892405,1414.8137701261603,18.259956203197817,2-1,3,-17.0,-0.08294815693695365,25,-0.03685548536591571,11,-0.03651591713953578,22,21,-1,13,2,18,3,3
LAC,1448.3753566602907,19,1539.211688124836,1526.1411254165573,-77.76576875626665,0-3,3,-32.0,-0.142819912780197,32,-0.03210919206960134,12,-0.02567501534943034,21,22,-13,7,-2,-9,-3,3
LA,1575.0428926000682,7,1667.8414619056605,1611.894307937107,-36.851415337038816,1-2,3,-2.0,0.06683428940356545,9,-0.045154866857472255,9,0.0505025928471754,6,4,-2,-2,1,-10,3,3
NYG,1430.4654100709183,26,1371.8854898125458,1414.590326541697,15.875083529221229,2-1,3,-9.0,-0.04710043266299715,19,0.04229180278771892,24,-0.04158704535829827,27,24,7,2,-1,20,2,2
MIA,1391.0272698379902,30,1430.9532675906275,1453.9688450604183,-62.94157522242813,0-3,3,-50.0,-0.08975646273439794,27,0.15138765134515803,30,-0.1265818366947442,32,32,3,0,-2,2,-2,2
WAS,1439.7361432175912,22,1432.078549232889,1454.719032821926,-14.982889604334787,1-2,3,-17.0,-0.0016669364158196608,14,0.07601108015075651,26,-0.05528485613360906,29,24,8,-4,-7,5,-2,2
DET,1556.1603168967315,13,1589.816827669705,1559.8778851131367,-3.7175682164051977,2-1,3,-2.0,0.09634906691495261,6,0.10248810067120609,29,0.025766598819713937,12,15,7,-16,1,7,-2,2
ARI,1404.300788119549,29,1334.5304867857947,1389.6869911905299,14.613796929019145,1-2,3,-18.0,-0.0019554415257244107,15,0.16680617398552847,32,-0.04397309774709118,28,30,14,-3,1,12,-1,1
DAL,1447.47137477751,20,1433.6500587705143,1455.7667058470095,-8.295331069499525,1-2,3,6.0,0.11228068356783047,5,0.154993076572228,31,-0.021792820664113588,20,19,15,-11,0,3,1,1
SEA,1679.768670084254,1,1759.9378044956925,1673.291869663795,6.476800420458858,2-1,3,25.0,0.04065228611943494,11,-0.14722805512681034,2,0.08318764195462008,1,2,-10,-1,0,-5,-1,1
HOU,1533.2809047935386,14,1651.5455865029369,1601.030391001958,-67.74948620841928,0-3,3,-21.0,-0.0889861799736725,26,-0.07913897174472766,6,0.029990519305621466,10,14,-12,8,4,-14,0,0
