setting,regress,season,checkpoint,n,mae
regress_1_3,0.3333333333333333,2019,week_1,16,12.158025673814373
regress_1_3,0.3333333333333333,2019,week_2,16,11.045369825523128
regress_1_3,0.3333333333333333,2019,week_3,16,7.3390237807036405
regress_1_3,0.3333333333333333,2019,week_4,15,11.251065253224214
regress_1_3,0.3333333333333333,2019,week_6,14,8.358883334602389
regress_1_3,0.3333333333333333,2019,week_8,15,7.4096230340431015
regress_1_3,0.3333333333333333,2019,weeks_9_18,139,10.861233452953746
regress_1_3,0.3333333333333333,2019,early_pooled,92,9.626232602979364
regress_1_3,0.3333333333333333,2020,week_1,16,6.952714586400442
regress_1_3,0.3333333333333333,2020,week_2,16,8.166024399954777
regress_1_3,0.3333333333333333,2020,week_3,16,10.359271202345598
regress_1_3,0.3333333333333333,2020,week_4,15,7.04699115962514
regress_1_3,0.3333333333333333,2020,week_6,14,13.602306596244674
regress_1_3,0.3333333333333333,2020,week_8,14,9.448802202755425
regress_1_3,0.3333333333333333,2020,weeks_9_18,143,10.166994578418977
regress_1_3,0.3333333333333333,2020,early_pooled,91,9.187566523072435
regress_1_3,0.3333333333333333,2021,week_1,16,12.141949077565
regress_1_3,0.3333333333333333,2021,week_2,16,8.835640262707093
regress_1_3,0.3333333333333333,2021,week_3,16,11.0508035491282
regress_1_3,0.3333333333333333,2021,week_4,16,10.223891898068764
regress_1_3,0.3333333333333333,2021,week_6,14,11.968331146275542
regress_1_3,0.3333333333333333,2021,week_8,15,8.499291603551157
regress_1_3,0.3333333333333333,2021,weeks_9_18,150,11.678153492589042
regress_1_3,0.3333333333333333,2021,early_pooled,93,10.441748029039031
regress_1_3,0.3333333333333333,2022,week_1,16,8.909886969075668
regress_1_3,0.3333333333333333,2022,week_2,16,10.648402707572274
regress_1_3,0.3333333333333333,2022,week_3,16,8.824468641540815
regress_1_3,0.3333333333333333,2022,week_4,16,7.196590655917525
regress_1_3,0.3333333333333333,2022,week_6,14,9.528315909337536
regress_1_3,0.3333333333333333,2022,week_8,15,8.955645224721758
regress_1_3,0.3333333333333333,2022,weeks_9_18,148,9.19984359653733
regress_1_3,0.3333333333333333,2022,early_pooled,93,9.00000736222852
regress_1_2,0.5,2019,week_1,16,12.186922913298314
regress_1_2,0.5,2019,week_2,16,10.965846219238513
regress_1_2,0.5,2019,week_3,16,7.634766849727684
regress_1_2,0.5,2019,week_4,15,11.489437211630312
regress_1_2,0.5,2019,week_6,14,8.197766638738882
regress_1_2,0.5,2019,week_8,15,7.450797697460884
regress_1_2,0.5,2019,weeks_9_18,139,10.814246389730402
regress_1_2,0.5,2019,early_pooled,92,9.689922090162439
regress_1_2,0.5,2020,week_1,16,7.269646365498744
regress_1_2,0.5,2020,week_2,16,8.038747435618777
regress_1_2,0.5,2020,week_3,16,10.367459950786223
regress_1_2,0.5,2020,week_4,15,7.069080402428672
regress_1_2,0.5,2020,week_6,14,13.436853587520847
regress_1_2,0.5,2020,week_8,14,9.41223738869841
regress_1_2,0.5,2020,weeks_9_18,143,10.136609046496273
regress_1_2,0.5,2020,early_pooled,91,9.194913623450105
regress_1_2,0.5,2021,week_1,16,11.893071238224344
regress_1_2,0.5,2021,week_2,16,9.27180868714143
regress_1_2,0.5,2021,week_3,16,10.901704193331993
regress_1_2,0.5,2021,week_4,16,10.401903621240027
regress_1_2,0.5,2021,week_6,14,12.10551736439402
regress_1_2,0.5,2021,week_8,15,8.574128860056016
regress_1_2,0.5,2021,weeks_9_18,150,11.748782817744335
regress_1_2,0.5,2021,early_pooled,93,10.511666449907107
regress_1_2,0.5,2022,week_1,16,8.644993228618702
regress_1_2,0.5,2022,week_2,16,10.411991016171477
regress_1_2,0.5,2022,week_3,16,8.483156913266637
regress_1_2,0.5,2022,week_4,16,7.2427739732816265
regress_1_2,0.5,2022,week_6,14,9.344940582405501
regress_1_2,0.5,2022,week_8,15,8.908308609606815
regress_1_2,0.5,2022,weeks_9_18,148,9.055632587857987
regress_1_2,0.5,2022,early_pooled,93,8.827746660206389
regress_2_3,0.6666666666666666,2019,week_1,16,12.273165189429522
regress_2_3,0.6666666666666666,2019,week_2,16,11.026016440944108
regress_2_3,0.6666666666666666,2019,week_3,16,7.946181653419677
regress_2_3,0.6666666666666666,2019,week_4,15,11.828848831916623
regress_2_3,0.6666666666666666,2019,week_6,14,8.033306907738888
regress_2_3,0.6666666666666666,2019,week_8,15,7.538559983538284
regress_2_3,0.6666666666666666,2019,weeks_9_18,139,10.772857181263003
regress_2_3,0.6666666666666666,2019,early_pooled,92,9.81416566827023
regress_2_3,0.6666666666666666,2020,week_1,16,7.853472539760472
regress_2_3,0.6666666666666666,2020,week_2,16,7.925945598627774
regress_2_3,0.6666666666666666,2020,week_3,16,10.379287873426371
regress_2_3,0.6666666666666666,2020,week_4,15,7.349756046276651
regress_2_3,0.6666666666666666,2020,week_6,14,13.27068371547953
regress_2_3,0.6666666666666666,2020,week_8,14,9.455019438514487
regress_2_3,0.6666666666666666,2020,weeks_9_18,143,10.121091061106556
regress_2_3,0.6666666666666666,2020,early_pooled,91,9.307093198231867
regress_2_3,0.6666666666666666,2021,week_1,16,11.756826954598576
regress_2_3,0.6666666666666666,2021,week_2,16,9.780855666244115
regress_2_3,0.6666666666666666,2021,week_3,16,10.914958025436396
regress_2_3,0.6666666666666666,2021,week_4,16,10.60410439592072
regress_2_3,0.6666666666666666,2021,week_6,14,12.223520820460452
regress_2_3,0.6666666666666666,2021,week_8,15,8.632049041771946
regress_2_3,0.6666666666666666,2021,weeks_9_18,150,11.820568698058372
regress_2_3,0.6666666666666666,2021,early_pooled,93,10.639977933206694
regress_2_3,0.6666666666666666,2022,week_1,16,8.542143854732593
regress_2_3,0.6666666666666666,2022,week_2,16,10.208755374970076
regress_2_3,0.6666666666666666,2022,week_3,16,8.279061513369182
regress_2_3,0.6666666666666666,2022,week_4,16,7.469686626024686
regress_2_3,0.6666666666666666,2022,week_6,14,9.175512517347542
regress_2_3,0.6666666666666666,2022,week_8,15,8.87659850925641
regress_2_3,0.6666666666666666,2022,weeks_9_18,148,8.948566921529467
regress_2_3,0.6666666666666666,2022,early_pooled,93,8.748392589110285
regress_full,1.0,2019,week_1,16,12.898614631750144
regress_full,1.0,2019,week_2,16,11.49734265733273
regress_full,1.0,2019,week_3,16,8.97888193704046
regress_full,1.0,2019,week_4,15,12.536854543336885
regress_full,1.0,2019,week_6,14,7.907045922052677
regress_full,1.0,2019,week_8,15,7.819861721648345
regress_full,1.0,2019,weeks_9_18,139,10.798946544457367
regress_full,1.0,2019,early_pooled,92,10.326595809798796
regress_full,1.0,2020,week_1,16,9.125
regress_full,1.0,2020,week_2,16,8.808126788967947
regress_full,1.0,2020,week_3,16,10.469125056594999
regress_full,1.0,2020,week_4,15,8.199383816690569
regress_full,1.0,2020,week_6,14,12.897507327343732
regress_full,1.0,2020,week_8,14,9.446826337478909
regress_full,1.0,2020,weeks_9_18,143,10.176066880275265
regress_full,1.0,2020,early_pooled,91,9.782939099855854
regress_full,1.0,2021,week_1,16,11.75
regress_full,1.0,2021,week_2,16,10.708415512829738
regress_full,1.0,2021,week_3,16,11.223878963190138
regress_full,1.0,2021,week_4,16,11.204829684704032
regress_full,1.0,2021,week_6,14,12.848929144032397
regress_full,1.0,2021,week_8,15,8.802287106628638
regress_full,1.0,2021,weeks_9_18,150,11.95724437512481
regress_full,1.0,2021,early_pooled,93,11.07648710954264
regress_full,1.0,2022,week_1,16,8.662092870953469
regress_full,1.0,2022,week_2,16,10.563773197146068
regress_full,1.0,2022,week_3,16,8.278359402143044
regress_full,1.0,2022,week_4,16,8.121756689202009
regress_full,1.0,2022,week_6,14,8.911447912117287
regress_full,1.0,2022,week_8,15,9.450226239408599
regress_full,1.0,2022,weeks_9_18,148,8.923723064486378
regress_full,1.0,2022,early_pooled,93,8.994939558192305
