team,elo,elo_rank,elo_2025_final,preseason_2026,delta_2026_games,check,preseason_component,games_component,total_dev,preseason_share,games_share,preseason_alt_half,preseason_alt_two_thirds,preseason_alt_full
ARI,1404.300788119549,29,1334.5304867857947,1389.6869911905299,14.613796929019067,-8.526512829121202e-14,-110.31300880947015,14.613796929019067,-95.699211880451,1.152705509709682,-0.1527055097096814,1417.2652433928974,1444.8434955952648,1500.0
ATL,1450.778314183336,18,1450.452333819687,1466.968222546458,-16.18990836312191,4.973799150320701e-14,-33.03177745354196,-16.18990836312191,-49.22168581666392,0.6710817987131824,0.3289182012868166,1475.2261669098434,1483.484111273229,1500.0
BAL,1559.1567529118809,11,1574.094494604439,1549.3963297362927,9.760423175588004,-1.2789769243681803e-13,49.39632973629273,9.760423175588004,59.15675291188086,0.8350074556977944,0.16499254430220342,1537.0472473022196,1524.6981648681463,1500.0
BUF,1654.3134733667864,2,1667.7393435724732,1611.8262290483156,42.48724431847082,-2.842170943040401e-14,111.82622904831555,42.48724431847082,154.3134733667864,0.7246692502508626,0.27533074974913724,1583.8696717862367,1555.9131145241577,1500.0
CAR,1425.8649162496097,28,1381.9823259241134,1421.3215506160757,4.543365633534256,2.5579538487363607e-13,-78.67844938392432,4.543365633534256,-74.13508375039032,1.0612849598825749,-0.06128495988257834,1440.9911629620567,1460.6607753080377,1500.0
CHI,1559.3361670394977,10,1534.2312512334413,1522.8208341556276,36.51533288386982,-2.7000623958883807e-13,22.820834155627608,36.51533288386982,59.336167039497695,0.3846024321125545,0.6153975678874409,1517.1156256167205,1511.4104170778137,1500.0
CIN,1515.0270183352172,16,1463.2255353165262,1475.4836902110176,39.54332812419992,2.5579538487363607e-13,-24.516309788982426,39.54332812419992,15.027018335217235,-1.631481990776982,2.631481990776999,1481.6127676582632,1487.7418451055087,1500.0
CLE,1433.0737263293581,24,1372.2206551892405,1414.8137701261603,18.259956203197873,5.684341886080802e-14,-85.1862298738397,18.259956203197873,-66.92627367064188,1.27283688754373,-0.27283688754373087,1436.1103275946202,1457.4068850630802,1500.0
DAL,1447.47137477751,20,1433.6500587705143,1455.7667058470095,-8.295331069499492,3.552713678800501e-14,-44.23329415299054,-8.295331069499492,-52.528625222490064,0.8420797986933058,0.15792020130669357,1466.825029385257,1477.8833529235048,1500.0
DEN,1603.1229902168732,5,1660.9680562822741,1607.312037521516,-4.189047304642683,1.4210854715202004e-13,107.312037521516,-4.189047304642683,103.12299021687318,1.0406218564437768,-0.04062185644377546,1580.484028141137,1553.6560187607581,1500.0
DET,1556.1603168967315,13,1589.816827669705,1559.8778851131367,-3.71756821640514,5.684341886080802e-14,59.8778851131367,-3.71756821640514,56.1603168967315,1.0661956417240508,-0.06619564172404982,1544.9084138348526,1529.9389425565682,1500.0
GB,1479.6802391228994,17,1548.7508694644898,1532.5005796429932,-52.820340520093936,-8.526512829121202e-14,32.500579642993216,-52.820340520093936,-20.319760877100634,-1.5994567967391664,2.5994567967391706,1524.375434732245,1516.2502898214966,1500.0
HOU,1533.2809047935386,14,1651.5455865029369,1601.030391001958,-67.74948620841931,-2.842170943040401e-14,101.03039100195792,-67.74948620841931,33.28090479353864,3.035686428259985,-2.035686428259986,1575.7727932514686,1550.515195500979,1500.0
IND,1441.70407953656,21,1444.5261798378453,1463.0174532252302,-21.313373688670087,1.7053025658242404e-13,-36.982546774769844,-21.313373688670087,-58.2959204634401,0.6343933928955321,0.365606607104465,1472.2630899189226,1481.5087266126152,1500.0
JAX,1587.804000991637,6,1587.3945868637022,1558.263057909135,29.540943082501855,-1.9895196601282805e-13,58.263057909134886,29.540943082501855,87.80400099163694,0.6635581209412571,0.3364418790587406,1543.697293431851,1529.1315289545673,1500.0
KC,1566.24062557052,8,1506.1840065501178,1504.122671033412,62.11795453710791,-1.4210854715202004e-13,4.122671033411962,62.11795453710791,66.24062557052002,0.06223780343111268,0.937762196568885,1503.092003275059,1502.0613355167059,1500.0
LA,1575.0428926000682,7,1667.8414619056605,1611.894307937107,-36.85141533703867,1.4210854715202004e-13,111.89430793710699,-36.85141533703867,75.04289260006817,1.4910713601277856,-0.49107136012778363,1583.9207309528301,1555.9471539685535,1500.0
LAC,1448.3753566602907,19,1539.211688124836,1526.1411254165573,-77.7657687562667,-4.263256414560601e-14,26.141125416557315,-77.7657687562667,-51.62464333970934,-0.5063691238414761,1.506369123841477,1519.6058440624179,1513.0705627082787,1500.0
LV,1437.482957374901,23,1268.2206980967208,1345.4804653978138,92.00249197708726,8.526512829121202e-14,-154.51953460218624,92.00249197708726,-62.517042625099066,2.4716385822791693,-1.4716385822791704,1384.1103490483604,1422.740232698907,1500.0
MIA,1391.0272698379902,30,1430.9532675906275,1453.9688450604183,-62.94157522242805,8.526512829121202e-14,-46.03115493958171,-62.94157522242805,-108.97273016200984,0.4224098530994604,0.5775901469005389,1465.4766337953138,1476.9844225302093,1500.0
MIN,1610.1504249833954,4,1578.870204141776,1552.5801360945172,57.570288888878196,2.842170943040401e-14,52.58013609451723,57.570288888878196,110.1504249833954,0.47734846327141645,0.5226515367285838,1539.435102070888,1526.2900680472587,1500.0
NE,1563.2465139632122,9,1626.2291366569473,1584.1527577712982,-20.90624380808594,7.105427357601002e-15,84.15275777129818,-20.90624380808594,63.24651396321224,1.3305517173681098,-0.3305517173681098,1563.1145683284735,1542.076378885649,1500.0
NO,1429.0989395855956,27,1395.3552595712688,1430.2368397141793,-1.137900128583567,5.684341886080802e-14,-69.76316028582073,-1.137900128583567,-70.90106041440436,0.9839508729216065,0.016049127078392605,1447.6776297856345,1465.1184198570895,1500.0
NYG,1430.4654100709183,26,1371.8854898125458,1414.590326541697,15.875083529221108,-1.1368683772161603e-13,-85.4096734583029,15.875083529221108,-69.53458992908168,1.228304841452466,-0.22830484145246424,1435.9427449062728,1457.2951632708487,1500.0
NYJ,1366.4177582017912,31,1284.097715791502,1356.0651438610014,10.352614340790034,1.9895196601282805e-13,-143.9348561389986,10.352614340790034,-133.58224179820877,1.0774999296420602,-0.07749992964206155,1392.048857895751,1428.0325719305006,1500.0
PHI,1556.847026400932,12,1613.157907144324,1575.4386047628827,-18.591578361950717,7.105427357601002e-15,75.43860476288273,-18.591578361950717,56.84702640093201,1.3270457496022328,-0.3270457496022326,1556.578953572162,1537.7193023814414,1500.0
PIT,1517.3086369230718,15,1514.7142413983815,1509.8094942655878,7.499142657483933,-1.3855583347321954e-13,9.809494265587773,7.499142657483933,17.308636923071845,0.5667398483881789,0.4332601516118131,1507.3571206991908,1504.9047471327938,1500.0
SEA,1679.768670084254,1,1759.9378044956925,1673.291869663795,6.476800420458643,-2.2737367544323206e-13,173.29186966379507,6.476800420458643,179.76867008425393,0.9639714727965484,0.0360285272034504,1629.9689022478462,1586.6459348318974,1500.0
SF,1612.484146718453,3,1583.3902193313631,1555.593479554242,56.89066716421088,-9.947598300641403e-14,55.593479554242094,56.89066716421088,112.48414671845308,0.4942339091871509,0.5057660908128482,1541.6951096656817,1527.796739777121,1500.0
TB,1432.5186081459592,25,1476.2572069728324,1484.1714713152217,-51.65286316926254,-8.526512829121202e-14,-15.828528684778348,-51.65286316926254,-67.4813918540408,0.23456138425559955,0.7654386157444019,1488.128603486416,1492.0857356576107,1500.0
TEN,1298.9344173626612,32,1265.817842204216,1343.8785614694773,-44.944144106816125,0.0,-156.1214385305227,-44.944144106816125,-201.06558263733882,0.7764702266927419,0.22352977330725815,1382.908921102108,1421.9392807347388,1500.0
WAS,1439.7361432175912,22,1432.078549232889,1454.719032821926,-14.98288960433475,3.552713678800501e-14,-45.28096717807398,-14.98288960433475,-60.263856782408766,0.7513785143484486,0.24862148565155073,1466.0392746164443,1477.359516410963,1500.0
