game,model_spread,market_spread,edge,spread_pick,model_total,market_total,total_edge,total_pick
ARI @ LAC,3.6,9.5,-5.9,ARI +9.5,44.4,47.5,-3.1,no play
ATL @ PIT,0.5,3.5,-3.0,no play,45.4,41.5,3.9,no play
BAL @ IND,-2.8,-3.5,0.7,no play,46.8,48.5,-1.7,no play
BUF @ HOU,-1.3,-1.5,0.2,no play,44.9,44.5,0.4,no play
CHI @ CAR,-2.4,-2.5,0.1,no play,48.1,46.5,1.6,no play
CLE @ JAX,6.3,8.5,-2.2,no play,45.2,40.5,4.7,no play
DAL @ NYG,1.5,-2.5,4.0,NYG +2.5,49.1,48.5,0.6,no play
DEN @ KC,-2.5,2.5,-5.0,DEN +2.5,42.5,43.5,-1.0,no play
GB @ MIN,2.8,1.5,1.3,no play,45.5,46.5,-1.0,no play
MIA @ LV,-2.0,3.5,-5.5,MIA +3.5,43.2,40.5,2.7,no play
NO @ DET,1.1,6.5,-5.4,NO +6.5,47.4,49.5,-2.1,no play
NYJ @ TEN,2.7,1.5,1.2,no play,43.2,39.5,3.7,no play
TB @ CIN,2.5,3.5,-1.0,no play,48.2,50.5,-2.3,no play
WAS @ PHI,3.4,5.5,-2.1,no play,46.6,44.5,2.1,no play
