player,last_season,last_week,last_team,reason
A.Armah,2023,18,WAS,no 2026 game in player_games.parquet (retired/inactive)
A.Auclair,2021,18,HOU,no 2026 game in player_games.parquet (retired/inactive)
A.Baccellia,2025,14,ARI,no 2026 game in player_games.parquet (retired/inactive)
A.Bachman,2025,16,LV,no 2026 game in player_games.parquet (retired/inactive)
A.Beck,2025,18,NYJ,no 2026 game in player_games.parquet (retired/inactive)
A.Blue,2018,18,HOU,no 2026 game in player_games.parquet (retired/inactive)
A.Callaway,2020,14,MIA,no 2026 game in player_games.parquet (retired/inactive)
A.Carr,2020,17,NO,no 2026 game in player_games.parquet (retired/inactive)
A.Collins,2021,14,SEA,no 2026 game in player_games.parquet (retired/inactive)
A.Cooper,2024,21,BUF,no 2026 game in player_games.parquet (retired/inactive)
A.Cross,2018,13,TB,no 2026 game in player_games.parquet (retired/inactive)
A.Derby,2018,10,MIA,no 2026 game in player_games.parquet (retired/inactive)
A.Ekeler,2025,2,WAS,no 2026 game in player_games.parquet (retired/inactive)
A.Erickson,2023,18,LAC,no 2026 game in player_games.parquet (retired/inactive)
A.Estime,2025,18,NO,no 2026 game in player_games.parquet (retired/inactive)
A.Firkser,2025,18,DET,no 2026 game in player_games.parquet (retired/inactive)
A.Gandy-Golden,2020,16,WAS,no 2026 game in player_games.parquet (retired/inactive)
A.Gates,2018,19,LAC,no 2026 game in player_games.parquet (retired/inactive)
A.Gibson,2025,5,NE,no 2026 game in player_games.parquet (retired/inactive)
A.Green,2023,7,DET,no 2026 game in player_games.parquet (retired/inactive)
A.Hollins,2019,18,MIN,no 2026 game in player_games.parquet (retired/inactive)
A.Holmes,2018,15,DEN,no 2026 game in player_games.parquet (retired/inactive)
A.Humphries,2021,18,WAS,no 2026 game in player_games.parquet (retired/inactive)
A.Hurns,2019,16,MIA,no 2026 game in player_games.parquet (retired/inactive)
A.Isabella,2023,19,BUF,no 2026 game in player_games.parquet (retired/inactive)
A.Jeffery,2020,16,PHI,no 2026 game in player_games.parquet (retired/inactive)
A.Lazard,2025,15,NYJ,no 2026 game in player_games.parquet (retired/inactive)
A.Luck,2018,19,IND,no 2026 game in player_games.parquet (retired/inactive)
A.Mack,2020,17,NYG,no 2026 game in player_games.parquet (retired/inactive)
A.Mattison,2024,18,LV,no 2026 game in player_games.parquet (retired/inactive)
A.McCarron,2023,18,CIN,no 2026 game in player_games.parquet (retired/inactive)
A.Miller,2024,20,BAL,no 2026 game in player_games.parquet (retired/inactive)
A.Morris,2020,17,NYG,no 2026 game in player_games.parquet (retired/inactive)
A.O'Connell,2025,18,LV,no 2026 game in player_games.parquet (retired/inactive)
A.Okwuegbunam,2025,5,LV,no 2026 game in player_games.parquet (retired/inactive)
A.Patton,2019,17,LAC,no 2026 game in player_games.parquet (retired/inactive)
A.Perry,2023,18,NO,no 2026 game in player_games.parquet (retired/inactive)
A.Peterson,2021,13,SEA,no 2026 game in player_games.parquet (retired/inactive)
A.Richardson,2025,5,IND,no 2026 game in player_games.parquet (retired/inactive)
A.Roberts,2021,15,LAC,no 2026 game in player_games.parquet (retired/inactive)
A.Robinson,2024,17,DET,no 2026 game in player_games.parquet (retired/inactive)
A.Robinson II,2018,18,CHI,no 2026 game in player_games.parquet (retired/inactive)
A.Rogers,2022,18,WAS,no 2026 game in player_games.parquet (retired/inactive)
A.Seferian-Jenkins,2018,5,JAX,no 2026 game in player_games.parquet (retired/inactive)
A.Shaheen,2021,11,MIA,no 2026 game in player_games.parquet (retired/inactive)
A.Sherman,2020,17,KC,no 2026 game in player_games.parquet (retired/inactive)
A.Tate,2021,6,CIN,no 2026 game in player_games.parquet (retired/inactive)
A.Trammell,2025,13,JAX,no 2026 game in player_games.parquet (retired/inactive)
A.Walter,2021,17,NYJ,no 2026 game in player_games.parquet (retired/inactive)
A.Wesley,2021,19,ARI,no 2026 game in player_games.parquet (retired/inactive)
A.Wilson,2021,15,MIA,no 2026 game in player_games.parquet (retired/inactive)
Aa.Rodgers,2021,8,GB,no 2026 game in player_games.parquet (retired/inactive)
Al.Robinson,2022,11,LA,no 2026 game in player_games.parquet (retired/inactive)
Am.Rodgers,2022,9,GB,no 2026 game in player_games.parquet (retired/inactive)
B.Aiyuk,2024,7,SF,no 2026 game in player_games.parquet (retired/inactive)
B.Bell,2023,18,KC,no 2026 game in player_games.parquet (retired/inactive)
B.Berrios,2025,8,HOU,no 2026 game in player_games.parquet (retired/inactive)
B.Bolden,2023,17,LV,no 2026 game in player_games.parquet (retired/inactive)
B.Bortles,2019,13,LA,no 2026 game in player_games.parquet (retired/inactive)
B.Braunecker,2019,12,CHI,no 2026 game in player_games.parquet (retired/inactive)
B.Brooks,2025,18,HOU,no 2026 game in player_games.parquet (retired/inactive)
B.Butler,2018,15,MIA,no 2026 game in player_games.parquet (retired/inactive)
B.Collins,2025,8,NYG,no 2026 game in player_games.parquet (retired/inactive)
B.Cook,2025,18,NYJ,no 2026 game in player_games.parquet (retired/inactive)
B.Cooks,2025,20,BUF,no 2026 game in player_games.parquet (retired/inactive)
B.Covey,2025,18,PHI,no 2026 game in player_games.parquet (retired/inactive)
B.Cunningham,2018,18,CHI,no 2026 game in player_games.parquet (retired/inactive)
B.Edwards,2022,8,ATL,no 2026 game in player_games.parquet (retired/inactive)
B.Ellefson,2022,3,MIN,no 2026 game in player_games.parquet (retired/inactive)
B.Ellington,2018,14,DET,no 2026 game in player_games.parquet (retired/inactive)
B.Fowler,2020,5,NO,no 2026 game in player_games.parquet (retired/inactive)
B.Gabbert,2023,18,KC,no 2026 game in player_games.parquet (retired/inactive)
B.Hill,2020,17,ATL,no 2026 game in player_games.parquet (retired/inactive)
B.Hopkins,2023,18,LA,no 2026 game in player_games.parquet (retired/inactive)
B.Howell,2021,8,LA,no 2026 game in player_games.parquet (retired/inactive)
B.Hoyer,2023,7,LV,no 2026 game in player_games.parquet (retired/inactive)
B.Hundley,2019,17,ARI,no 2026 game in player_games.parquet (retired/inactive)
B.Jarwin,2021,19,DAL,no 2026 game in player_games.parquet (retired/inactive)
B.Jordan,2024,2,HOU,no 2026 game in player_games.parquet (retired/inactive)
B.LaFell,2018,11,LV,no 2026 game in player_games.parquet (retired/inactive)
B.Marshall,2018,16,WAS,no 2026 game in player_games.parquet (retired/inactive)
B.Means,2024,8,NO,no 2026 game in player_games.parquet (retired/inactive)
B.Oliver,2025,1,TEN,no 2026 game in player_games.parquet (retired/inactive)
B.Osweiler,2018,14,MIA,no 2026 game in player_games.parquet (retired/inactive)
B.Parker,2018,16,DEN,no 2026 game in player_games.parquet (retired/inactive)
B.Perkins,2022,13,LA,no 2026 game in player_games.parquet (retired/inactive)
B.Perriman,2022,18,TB,no 2026 game in player_games.parquet (retired/inactive)
B.Powell,2024,15,MIN,no 2026 game in player_games.parquet (retired/inactive)
B.Pringle,2023,17,WAS,no 2026 game in player_games.parquet (retired/inactive)
B.Robinson,2025,20,SF,no 2026 game in player_games.parquet (retired/inactive)
B.Rypien,2025,3,CIN,no 2026 game in player_games.parquet (retired/inactive)
B.Scarbrough,2020,11,SEA,no 2026 game in player_games.parquet (retired/inactive)
B.Scott,2023,18,PHI,no 2026 game in player_games.parquet (retired/inactive)
B.Sims,2025,18,MIN,no 2026 game in player_games.parquet (retired/inactive)
B.Thomas,2025,19,JAX,no 2026 game in player_games.parquet (retired/inactive)
B.Watson,2024,16,DEN,no 2026 game in player_games.parquet (retired/inactive)
B.Wilds,2018,5,JAX,no 2026 game in player_games.parquet (retired/inactive)
B.Wilson,2019,6,TB,no 2026 game in player_games.parquet (retired/inactive)
B.Zylstra,2021,18,CAR,no 2026 game in player_games.parquet (retired/inactive)
Br.Hall,2022,7,NYJ,no 2026 game in player_games.parquet (retired/inactive)
Bre.Hall,2023,18,NYJ,no 2026 game in player_games.parquet (retired/inactive)
C.Akers,2025,5,MIN,no 2026 game in player_games.parquet (retired/inactive)
C.Anderson,2019,2,DET,no 2026 game in player_games.parquet (retired/inactive)
C.Artis-Payne,2018,17,CAR,no 2026 game in player_games.parquet (retired/inactive)
C.Batson,2021,5,TEN,no 2026 game in player_games.parquet (retired/inactive)
C.Beasley,2022,20,BUF,no 2026 game in player_games.parquet (retired/inactive)
C.Beathard,2023,17,JAX,no 2026 game in player_games.parquet (retired/inactive)
C.Beebe,2020,17,MIN,no 2026 game in player_games.parquet (retired/inactive)
C.Blake,2021,18,ATL,no 2026 game in player_games.parquet (retired/inactive)
C.Board,2022,13,TEN,no 2026 game in player_games.parquet (retired/inactive)
C.Brate,2022,19,TB,no 2026 game in player_games.parquet (retired/inactive)
C.Carson,2021,4,SEA,no 2026 game in player_games.parquet (retired/inactive)
C.Carter,2021,6,MIA,no 2026 game in player_games.parquet (retired/inactive)
C.Clay,2019,16,ARI,no 2026 game in player_games.parquet (retired/inactive)
C.Claypool,2023,18,MIA,no 2026 game in player_games.parquet (retired/inactive)
C.Clement,2022,18,ARI,no 2026 game in player_games.parquet (retired/inactive)
C.Coleman,2018,16,NYG,no 2026 game in player_games.parquet (retired/inactive)
C.Conley,2024,18,SF,no 2026 game in player_games.parquet (retired/inactive)
C.Core,2019,2,NYG,no 2026 game in player_games.parquet (retired/inactive)
C.Daniel,2022,18,LAC,no 2026 game in player_games.parquet (retired/inactive)
C.Davis,2022,18,NYJ,no 2026 game in player_games.parquet (retired/inactive)
C.Edmonds,2023,20,TB,no 2026 game in player_games.parquet (retired/inactive)
C.Edwards-Helaire,2025,12,KC,no 2026 game in player_games.parquet (retired/inactive)
C.Evans,2023,1,CIN,no 2026 game in player_games.parquet (retired/inactive)
C.Fejedelem,2022,6,MIA,no 2026 game in player_games.parquet (retired/inactive)
C.Grandy,2025,16,CIN,no 2026 game in player_games.parquet (retired/inactive)
C.Grant,2018,5,JAX,no 2026 game in player_games.parquet (retired/inactive)
C.Grayson,2021,17,TB,no 2026 game in player_games.parquet (retired/inactive)
C.Ham,2025,18,MIN,no 2026 game in player_games.parquet (retired/inactive)
C.Hansen,2020,17,HOU,no 2026 game in player_games.parquet (retired/inactive)
C.Henne,2022,20,KC,no 2026 game in player_games.parquet (retired/inactive)
C.Herndon,2021,14,MIN,no 2026 game in player_games.parquet (retired/inactive)
C.Hogan,2021,5,NO,no 2026 game in player_games.parquet (retired/inactive)
C.Hollister,2022,9,TEN,no 2026 game in player_games.parquet (retired/inactive)
C.Huntley,2022,15,ATL,no 2026 game in player_games.parquet (retired/inactive)
C.Hyde,2021,14,JAX,no 2026 game in player_games.parquet (retired/inactive)
C.Ivory,2018,17,BUF,no 2026 game in player_games.parquet (retired/inactive)
C.Johnson,2024,16,CHI,no 2026 game in player_games.parquet (retired/inactive)
C.Jones,2025,12,CIN,no 2026 game in player_games.parquet (retired/inactive)
C.Kessler,2018,16,JAX,no 2026 game in player_games.parquet (retired/inactive)
C.Kirk,2025,20,HOU,no 2026 game in player_games.parquet (retired/inactive)
C.Lacy,2019,17,DET,no 2026 game in player_games.parquet (retired/inactive)
C.Latimer,2019,17,NYG,no 2026 game in player_games.parquet (retired/inactive)
C.Manhertz,2025,18,NYG,no 2026 game in player_games.parquet (retired/inactive)
C.McCoy,2022,15,ARI,no 2026 game in player_games.parquet (retired/inactive)
C.Meredith,2018,5,NO,no 2026 game in player_games.parquet (retired/inactive)
C.Myarick,2022,12,NYG,no 2026 game in player_games.parquet (retired/inactive)
C.Newton,2021,17,CAR,no 2026 game in player_games.parquet (retired/inactive)
C.Oladokun,2025,18,KC,no 2026 game in player_games.parquet (retired/inactive)
C.Prosise,2020,14,HOU,no 2026 game in player_games.parquet (retired/inactive)
C.Reynolds,2025,2,DET,no 2026 game in player_games.parquet (retired/inactive)
C.Rogers,2021,20,TEN,no 2026 game in player_games.parquet (retired/inactive)
C.Samuel,2025,20,BUF,no 2026 game in player_games.parquet (retired/inactive)
C.Sims,2022,18,WAS,no 2026 game in player_games.parquet (retired/inactive)
C.Steele,2024,18,KC,no 2026 game in player_games.parquet (retired/inactive)
C.Streveler,2022,16,NYJ,no 2026 game in player_games.parquet (retired/inactive)
C.Thompson,2023,4,SEA,no 2026 game in player_games.parquet (retired/inactive)
C.Tune,2025,18,GB,no 2026 game in player_games.parquet (retired/inactive)
C.Turner,2023,13,WAS,no 2026 game in player_games.parquet (retired/inactive)
C.Uzomah,2023,10,NYJ,no 2026 game in player_games.parquet (retired/inactive)
C.Walford,2019,16,MIA,no 2026 game in player_games.parquet (retired/inactive)
C.Washington,2025,8,ATL,no 2026 game in player_games.parquet (retired/inactive)
C.Wilson,2025,18,MIA,no 2026 game in player_games.parquet (retired/inactive)
Cas.Washington,2025,4,ATL,no 2026 game in player_games.parquet (retired/inactive)
D.Amendola,2021,18,HOU,no 2026 game in player_games.parquet (retired/inactive)
D.Arnold,2022,17,JAX,no 2026 game in player_games.parquet (retired/inactive)
D.Asiasi,2022,16,CIN,no 2026 game in player_games.parquet (retired/inactive)
D.Blough,2022,18,ARI,no 2026 game in player_games.parquet (retired/inactive)
D.Booker,2021,18,NYG,no 2026 game in player_games.parquet (retired/inactive)
D.Brees,2020,19,NO,no 2026 game in player_games.parquet (retired/inactive)
D.Bryant,2020,19,BAL,no 2026 game in player_games.parquet (retired/inactive)
D.Burnett,2020,3,PHI,no 2026 game in player_games.parquet (retired/inactive)
D.Byrd,2023,9,ATL,no 2026 game in player_games.parquet (retired/inactive)
D.Carr,2024,14,NO,no 2026 game in player_games.parquet (retired/inactive)
D.Carrier,2021,2,LV,no 2026 game in player_games.parquet (retired/inactive)
D.Carter,2024,10,CHI,no 2026 game in player_games.parquet (retired/inactive)
D.Chark,2024,19,LAC,no 2026 game in player_games.parquet (retired/inactive)
D.Chark Jr.,2020,16,JAX,no 2026 game in player_games.parquet (retired/inactive)
D.Cook,2024,9,DAL,no 2026 game in player_games.parquet (retired/inactive)
D.Culp,2025,15,TB,no 2026 game in player_games.parquet (retired/inactive)
D.Dafney,2021,20,GB,no 2026 game in player_games.parquet (retired/inactive)
D.Daniels,2021,19,ARI,no 2026 game in player_games.parquet (retired/inactive)
D.Dawkins,2021,17,BUF,no 2026 game in player_games.parquet (retired/inactive)
D.Drummond,2025,15,ATL,no 2026 game in player_games.parquet (retired/inactive)
D.Duvernay,2025,17,CHI,no 2026 game in player_games.parquet (retired/inactive)
D.Eskridge,2025,9,MIA,no 2026 game in player_games.parquet (retired/inactive)
D.Evans,2024,14,CHI,no 2026 game in player_games.parquet (retired/inactive)
D.Fells,2021,7,DET,no 2026 game in player_games.parquet (retired/inactive)
D.Fitzpatrick,2021,12,TEN,no 2026 game in player_games.parquet (retired/inactive)
D.Freeman,2021,18,BAL,no 2026 game in player_games.parquet (retired/inactive)
D.Funchess,2019,1,IND,no 2026 game in player_games.parquet (retired/inactive)
D.Giddens,2025,18,IND,no 2026 game in player_games.parquet (retired/inactive)
D.Gore,2023,18,WAS,no 2026 game in player_games.parquet (retired/inactive)
D.Gray,2022,17,SF,no 2026 game in player_games.parquet (retired/inactive)
D.Grinnage,2018,8,JAX,no 2026 game in player_games.parquet (retired/inactive)
D.Guice,2019,14,WAS,no 2026 game in player_games.parquet (retired/inactive)
D.Hamilton,2020,17,DEN,no 2026 game in player_games.parquet (retired/inactive)
D.Harris,2023,6,BUF,no 2026 game in player_games.parquet (retired/inactive)
D.Harty,2023,20,BUF,no 2026 game in player_games.parquet (retired/inactive)
D.Haskins,2020,16,WAS,no 2026 game in player_games.parquet (retired/inactive)
D.Henderson,2023,11,LA,no 2026 game in player_games.parquet (retired/inactive)
D.Hilliard,2022,13,TEN,no 2026 game in player_games.parquet (retired/inactive)
D.Hopkins,2025,18,BAL,no 2026 game in player_games.parquet (retired/inactive)
D.Inman,2020,12,WAS,no 2026 game in player_games.parquet (retired/inactive)
D.Jackson,2023,9,NYG,no 2026 game in player_games.parquet (retired/inactive)
D.Jennings,2019,19,TEN,no 2026 game in player_games.parquet (retired/inactive)
D.Johnson,2025,18,NE,no 2026 game in player_games.parquet (retired/inactive)
D.Keene,2020,17,NE,no 2026 game in player_games.parquet (retired/inactive)
D.Laube,2025,15,LV,no 2026 game in player_games.parquet (retired/inactive)
D.Lewis,2020,17,NYG,no 2026 game in player_games.parquet (retired/inactive)
D.Martin,2018,17,LV,no 2026 game in player_games.parquet (retired/inactive)
D.Martin-Robinson,2025,18,TEN,no 2026 game in player_games.parquet (retired/inactive)
D.Mills,2025,18,HOU,no 2026 game in player_games.parquet (retired/inactive)
D.Milne,2022,9,WAS,no 2026 game in player_games.parquet (retired/inactive)
D.Mims,2022,17,NYJ,no 2026 game in player_games.parquet (retired/inactive)
D.Moncrief,2020,13,NE,no 2026 game in player_games.parquet (retired/inactive)
D.Morgan,2018,8,MIN,no 2026 game in player_games.parquet (retired/inactive)
D.Neal,2025,15,NO,no 2026 game in player_games.parquet (retired/inactive)
D.Newsome,2021,18,CHI,no 2026 game in player_games.parquet (retired/inactive)
D.Ogunbowale,2025,18,HOU,no 2026 game in player_games.parquet (retired/inactive)
D.Ozigbo,2023,6,DET,no 2026 game in player_games.parquet (retired/inactive)
D.Parham,2023,18,LAC,no 2026 game in player_games.parquet (retired/inactive)
D.Parham Jr.,2020,17,LAC,no 2026 game in player_games.parquet (retired/inactive)
D.Parker,2023,18,NE,no 2026 game in player_games.parquet (retired/inactive)
D.Patmon,2022,2,IND,no 2026 game in player_games.parquet (retired/inactive)
D.Peoples-Jones,2023,18,DET,no 2026 game in player_games.parquet (retired/inactive)
D.Pettis,2025,18,NO,no 2026 game in player_games.parquet (retired/inactive)
D.Pierce,2025,18,KC,no 2026 game in player_games.parquet (retired/inactive)
D.Ratley,2020,5,NYG,no 2026 game in player_games.parquet (retired/inactive)
D.Ridder,2024,18,LV,no 2026 game in player_games.parquet (retired/inactive)
D.Shepherd,2020,9,GB,no 2026 game in player_games.parquet (retired/inactive)
D.Sills,2025,18,ATL,no 2026 game in player_games.parquet (retired/inactive)
D.Slayton,2025,18,NYG,no 2026 game in player_games.parquet (retired/inactive)
D.Spencer,2021,14,DEN,no 2026 game in player_games.parquet (retired/inactive)
D.Sproles,2019,9,PHI,no 2026 game in player_games.parquet (retired/inactive)
D.Thomas,2019,17,BAL,no 2026 game in player_games.parquet (retired/inactive)
D.Thompkins,2025,14,ATL,no 2026 game in player_games.parquet (retired/inactive)
D.Thompson,2020,17,KC,no 2026 game in player_games.parquet (retired/inactive)
D.Thornton,2025,18,LV,no 2026 game in player_games.parquet (retired/inactive)
D.Turner,2024,13,LV,no 2026 game in player_games.parquet (retired/inactive)
D.Vaughn,2024,18,DAL,no 2026 game in player_games.parquet (retired/inactive)
D.Vitale,2019,16,GB,no 2026 game in player_games.parquet (retired/inactive)
D.Westbrook,2021,17,MIN,no 2026 game in player_games.parquet (retired/inactive)
D.White,2019,17,CAR,no 2026 game in player_games.parquet (retired/inactive)
D.Williams,2023,8,ARI,no 2026 game in player_games.parquet (retired/inactive)
D.Willis,2019,13,CIN,no 2026 game in player_games.parquet (retired/inactive)
D.Yelder,2021,7,TB,no 2026 game in player_games.parquet (retired/inactive)
DK.Metcalf,2019,19,SEA,no 2026 game in player_games.parquet (retired/inactive)
Da.Johnson,2020,13,HOU,no 2026 game in player_games.parquet (retired/inactive)
Da.Williams,2021,19,KC,no 2026 game in player_games.parquet (retired/inactive)
Dam. Williams,2018,20,KC,no 2026 game in player_games.parquet (retired/inactive)
Dam.Williams,2019,21,KC,no 2026 game in player_games.parquet (retired/inactive)
Dar.Williams,2018,19,KC,no 2026 game in player_games.parquet (retired/inactive)
Darr.Williams,2020,21,KC,no 2026 game in player_games.parquet (retired/inactive)
De.Jackson,2021,17,IND,no 2026 game in player_games.parquet (retired/inactive)
De.Thomas,2018,16,HOU,no 2026 game in player_games.parquet (retired/inactive)
De.Walker,2019,6,TEN,no 2026 game in player_games.parquet (retired/inactive)
Di.Johnson,2024,7,CAR,no 2026 game in player_games.parquet (retired/inactive)
Dio.Johnson,2024,3,CAR,no 2026 game in player_games.parquet (retired/inactive)
Dj.Moore,2021,18,CAR,no 2026 game in player_games.parquet (retired/inactive)
E.Benjamin,2022,18,NO,no 2026 game in player_games.parquet (retired/inactive)
E.Dickson,2018,18,SEA,no 2026 game in player_games.parquet (retired/inactive)
E.Elliott,2024,17,DAL,no 2026 game in player_games.parquet (retired/inactive)
E.Gray,2024,18,NYG,no 2026 game in player_games.parquet (retired/inactive)
E.Hull,2025,18,NO,no 2026 game in player_games.parquet (retired/inactive)
E.Manning,2019,15,NYG,no 2026 game in player_games.parquet (retired/inactive)
E.McGuire,2018,17,NYJ,no 2026 game in player_games.parquet (retired/inactive)
E.Mitchell,2025,11,KC,no 2026 game in player_games.parquet (retired/inactive)
E.Moore,2025,21,DEN,no 2026 game in player_games.parquet (retired/inactive)
E.Penny,2021,18,NYG,no 2026 game in player_games.parquet (retired/inactive)
E.Sanders,2021,20,BUF,no 2026 game in player_games.parquet (retired/inactive)
E.St. Brown,2023,18,CHI,no 2026 game in player_games.parquet (retired/inactive)
E.Stick,2023,18,LAC,no 2026 game in player_games.parquet (retired/inactive)
E.Swoope,2018,14,IND,no 2026 game in player_games.parquet (retired/inactive)
E.Tomlinson,2024,9,LAC,no 2026 game in player_games.parquet (retired/inactive)
Em.Wilson,2024,19,GB,no 2026 game in player_games.parquet (retired/inactive)
F.Darby,2022,18,ATL,no 2026 game in player_games.parquet (retired/inactive)
F.Franks,2025,12,ATL,no 2026 game in player_games.parquet (retired/inactive)
F.Swain,2022,18,DEN,no 2026 game in player_games.parquet (retired/inactive)
G.Allison,2021,7,DET,no 2026 game in player_games.parquet (retired/inactive)
G.Brightwell,2023,4,NYG,no 2026 game in player_games.parquet (retired/inactive)
G.Calcaterra,2025,18,PHI,no 2026 game in player_games.parquet (retired/inactive)
G.Celek,2018,15,SF,no 2026 game in player_games.parquet (retired/inactive)
G.Davis,2025,19,BUF,no 2026 game in player_games.parquet (retired/inactive)
G.Dieter,2020,17,KC,no 2026 game in player_games.parquet (retired/inactive)
G.Dortch,2025,13,ARI,no 2026 game in player_games.parquet (retired/inactive)
G.Edwards,2024,19,LAC,no 2026 game in player_games.parquet (retired/inactive)
G.Everett,2024,17,CHI,no 2026 game in player_games.parquet (retired/inactive)
G.Gilbert,2021,15,WAS,no 2026 game in player_games.parquet (retired/inactive)
G.Griffin,2021,13,NO,no 2026 game in player_games.parquet (retired/inactive)
G.Igwebuike,2022,17,SEA,no 2026 game in player_games.parquet (retired/inactive)
G.Minshew,2025,16,KC,no 2026 game in player_games.parquet (retired/inactive)
G.Minshew II,2020,15,JAX,no 2026 game in player_games.parquet (retired/inactive)
G.Nabers,2021,17,LAC,no 2026 game in player_games.parquet (retired/inactive)
G.Olsen,2020,16,SEA,no 2026 game in player_games.parquet (retired/inactive)
G.Olszewski,2025,18,NYG,no 2026 game in player_games.parquet (retired/inactive)
G.Ricci,2025,17,DET,no 2026 game in player_games.parquet (retired/inactive)
G.Tate,2020,10,NYG,no 2026 game in player_games.parquet (retired/inactive)
G.Tate III,2020,15,NYG,no 2026 game in player_games.parquet (retired/inactive)
G.Ward,2021,18,PHI,no 2026 game in player_games.parquet (retired/inactive)
H.Bryant,2025,20,HOU,no 2026 game in player_games.parquet (retired/inactive)
H.Haskins,2025,18,LAC,no 2026 game in player_games.parquet (retired/inactive)
H.Hentges,2019,17,WAS,no 2026 game in player_games.parquet (retired/inactive)
H.Hooker,2024,11,DET,no 2026 game in player_games.parquet (retired/inactive)
H.Hurst,2024,16,LAC,no 2026 game in player_games.parquet (retired/inactive)
H.Renfrow,2025,6,CAR,no 2026 game in player_games.parquet (retired/inactive)
H.Ruggs,2021,7,LV,no 2026 game in player_games.parquet (retired/inactive)
I.Abanikanda,2023,18,NYJ,no 2026 game in player_games.parquet (retired/inactive)
I.Crowell,2018,14,NYJ,no 2026 game in player_games.parquet (retired/inactive)
I.Davis,2025,17,NYJ,no 2026 game in player_games.parquet (retired/inactive)
I.Ford,2021,17,MIA,no 2026 game in player_games.parquet (retired/inactive)
I.Guerendo,2024,18,SF,no 2026 game in player_games.parquet (retired/inactive)
I.Hodgins,2025,18,NYG,no 2026 game in player_games.parquet (retired/inactive)
I.McKenzie,2023,12,IND,no 2026 game in player_games.parquet (retired/inactive)
I.Nauta,2020,10,DET,no 2026 game in player_games.parquet (retired/inactive)
I.Pacheco,2025,17,KC,no 2026 game in player_games.parquet (retired/inactive)
I.Smith,2024,20,HOU,no 2026 game in player_games.parquet (retired/inactive)
I.Smith-Marsette,2023,18,CAR,no 2026 game in player_games.parquet (retired/inactive)
I.Spiller,2023,17,LAC,no 2026 game in player_games.parquet (retired/inactive)
I.Wright,2020,18,WAS,no 2026 game in player_games.parquet (retired/inactive)
J.Adams,2020,17,NYJ,no 2026 game in player_games.parquet (retired/inactive)
J.Agnew,2023,17,JAX,no 2026 game in player_games.parquet (retired/inactive)
J.Ajayi,2019,14,PHI,no 2026 game in player_games.parquet (retired/inactive)
J.Arcega-Whiteside,2021,18,PHI,no 2026 game in player_games.parquet (retired/inactive)
J.Bellamy,2019,2,NYJ,no 2026 game in player_games.parquet (retired/inactive)
J.Blue,2025,18,DAL,no 2026 game in player_games.parquet (retired/inactive)
J.Bobo,2025,21,SEA,no 2026 game in player_games.parquet (retired/inactive)
J.Brown,2022,19,BUF,no 2026 game in player_games.parquet (retired/inactive)
J.Browning,2025,12,CIN,no 2026 game in player_games.parquet (retired/inactive)
J.Brownlee,2025,1,KC,no 2026 game in player_games.parquet (retired/inactive)
J.Burton,2024,11,CIN,no 2026 game in player_games.parquet (retired/inactive)
J.Butt,2020,4,DEN,no 2026 game in player_games.parquet (retired/inactive)
J.Cabinda,2023,20,DET,no 2026 game in player_games.parquet (retired/inactive)
J.Chestnut,2025,16,TEN,no 2026 game in player_games.parquet (retired/inactive)
J.Conner,2025,3,ARI,no 2026 game in player_games.parquet (retired/inactive)
J.Croom,2020,6,PHI,no 2026 game in player_games.parquet (retired/inactive)
J.Crowder,2024,21,WAS,no 2026 game in player_games.parquet (retired/inactive)
J.Davis,2018,15,NYG,no 2026 game in player_games.parquet (retired/inactive)
J.Deguara,2025,18,ARI,no 2026 game in player_games.parquet (retired/inactive)
J.Develin,2019,2,NE,no 2026 game in player_games.parquet (retired/inactive)
J.Dobbs,2025,18,NE,no 2026 game in player_games.parquet (retired/inactive)
J.Doctson,2018,17,WAS,no 2026 game in player_games.parquet (retired/inactive)
J.Doyle,2021,18,IND,no 2026 game in player_games.parquet (retired/inactive)
J.Edelman,2020,7,NE,no 2026 game in player_games.parquet (retired/inactive)
J.Fields,2025,11,NYJ,no 2026 game in player_games.parquet (retired/inactive)
J.FitzPatrick,2025,16,GB,no 2026 game in player_games.parquet (retired/inactive)
J.Flacco,2025,18,CIN,no 2026 game in player_games.parquet (retired/inactive)
J.Fortson,2024,8,KC,no 2026 game in player_games.parquet (retired/inactive)
J.Fromm,2021,18,NYG,no 2026 game in player_games.parquet (retired/inactive)
J.Funk,2023,1,IND,no 2026 game in player_games.parquet (retired/inactive)
J.Garoppolo,2024,18,LA,no 2026 game in player_games.parquet (retired/inactive)
J.Gillan,2025,13,NYG,no 2026 game in player_games.parquet (retired/inactive)
J.Gordon,2022,2,TEN,no 2026 game in player_games.parquet (retired/inactive)
J.Graham,2023,15,NO,no 2026 game in player_games.parquet (retired/inactive)
J.Grant,2021,15,CHI,no 2026 game in player_games.parquet (retired/inactive)
J.Gresham,2018,15,ARI,no 2026 game in player_games.parquet (retired/inactive)
J.Guyton,2023,16,LAC,no 2026 game in player_games.parquet (retired/inactive)
J.Haener,2024,15,NO,no 2026 game in player_games.parquet (retired/inactive)
J.Hall,2023,17,MIN,no 2026 game in player_games.parquet (retired/inactive)
J.Hardy,2021,18,DAL,no 2026 game in player_games.parquet (retired/inactive)
J.Hasty,2024,12,NE,no 2026 game in player_games.parquet (retired/inactive)
J.Heuerman,2019,16,DEN,no 2026 game in player_games.parquet (retired/inactive)
J.Higgins,2025,20,HOU,no 2026 game in player_games.parquet (retired/inactive)
J.Hightower,2020,17,PHI,no 2026 game in player_games.parquet (retired/inactive)
J.Hilliman,2019,6,NYG,no 2026 game in player_games.parquet (retired/inactive)
J.Hollister,2021,18,JAX,no 2026 game in player_games.parquet (retired/inactive)
J.Holtz,2020,15,CHI,no 2026 game in player_games.parquet (retired/inactive)
J.Horsted,2023,7,LV,no 2026 game in player_games.parquet (retired/inactive)
J.Howard,2022,10,NO,no 2026 game in player_games.parquet (retired/inactive)
J.Huntley,2021,18,PHI,no 2026 game in player_games.parquet (retired/inactive)
J.Hyatt,2025,15,NYG,no 2026 game in player_games.parquet (retired/inactive)
J.Jackson,2024,9,TEN,no 2026 game in player_games.parquet (retired/inactive)
J.Jacobs,2025,19,GB,no 2026 game in player_games.parquet (retired/inactive)
J.Jones,2023,19,PHI,no 2026 game in player_games.parquet (retired/inactive)
J.Jordan,2025,18,HOU,no 2026 game in player_games.parquet (retired/inactive)
J.Kearse,2018,16,NYJ,no 2026 game in player_games.parquet (retired/inactive)
J.Kelley,2024,18,TEN,no 2026 game in player_games.parquet (retired/inactive)
J.Kumerow,2022,9,BUF,no 2026 game in player_games.parquet (retired/inactive)
J.Landry,2022,15,NO,no 2026 game in player_games.parquet (retired/inactive)
J.Leggett,2018,17,NYJ,no 2026 game in player_games.parquet (retired/inactive)
J.Luton,2020,11,JAX,no 2026 game in player_games.parquet (retired/inactive)
J.Malone,2020,2,NYJ,no 2026 game in player_games.parquet (retired/inactive)
J.Matthews,2025,16,ATL,no 2026 game in player_games.parquet (retired/inactive)
J.McCarthy,2025,18,MIN,no 2026 game in player_games.parquet (retired/inactive)
J.McCown,2019,18,PHI,no 2026 game in player_games.parquet (retired/inactive)
J.McKinnon,2023,22,KC,no 2026 game in player_games.parquet (retired/inactive)
J.McKissic,2022,8,WAS,no 2026 game in player_games.parquet (retired/inactive)
J.McNichols,2025,18,WAS,no 2026 game in player_games.parquet (retired/inactive)
J.Mickens,2021,14,JAX,no 2026 game in player_games.parquet (retired/inactive)
J.Milton,2025,18,DAL,no 2026 game in player_games.parquet (retired/inactive)
J.Mims,2024,18,NO,no 2026 game in player_games.parquet (retired/inactive)
J.Mitchell,2025,19,CAR,no 2026 game in player_games.parquet (retired/inactive)
J.Mixon,2024,20,HOU,no 2026 game in player_games.parquet (retired/inactive)
J.Moore,2022,7,LAC,no 2026 game in player_games.parquet (retired/inactive)
J.Nelson,2019,3,LV,no 2026 game in player_games.parquet (retired/inactive)
J.O'Shaughnessy,2021,16,JAX,no 2026 game in player_games.parquet (retired/inactive)
J.Olawale,2019,14,DAL,no 2026 game in player_games.parquet (retired/inactive)
J.Patterson,2025,18,LAC,no 2026 game in player_games.parquet (retired/inactive)
J.Perkins,2019,17,PHI,no 2026 game in player_games.parquet (retired/inactive)
J.Polk,2024,17,NE,no 2026 game in player_games.parquet (retired/inactive)
J.Proche,2025,18,TEN,no 2026 game in player_games.parquet (retired/inactive)
J.Reagor,2024,14,LAC,no 2026 game in player_games.parquet (retired/inactive)
J.Reynolds,2025,7,NYJ,no 2026 game in player_games.parquet (retired/inactive)
J.Richard,2021,19,LV,no 2026 game in player_games.parquet (retired/inactive)
J.Robinson,2023,13,GB,no 2026 game in player_games.parquet (retired/inactive)
J.Rodgers,2018,17,TB,no 2026 game in player_games.parquet (retired/inactive)
J.Rosen,2021,11,ATL,no 2026 game in player_games.parquet (retired/inactive)
J.Ross,2024,10,KC,no 2026 game in player_games.parquet (retired/inactive)
J.Ross III,2020,2,CIN,no 2026 game in player_games.parquet (retired/inactive)
J.Samuels,2021,17,HOU,no 2026 game in player_games.parquet (retired/inactive)
J.Sanders,2025,16,CAR,no 2026 game in player_games.parquet (retired/inactive)
J.Smith-Schuster,2025,18,KC,no 2026 game in player_games.parquet (retired/inactive)
J.Sprinkle,2021,18,DAL,no 2026 game in player_games.parquet (retired/inactive)
J.Sternberger,2020,12,GB,no 2026 game in player_games.parquet (retired/inactive)
J.Stewart,2018,3,NYG,no 2026 game in player_games.parquet (retired/inactive)
J.Stidham,2025,21,DEN,no 2026 game in player_games.parquet (retired/inactive)
J.Stoll,2025,16,NO,no 2026 game in player_games.parquet (retired/inactive)
J.Thomas,2024,11,DAL,no 2026 game in player_games.parquet (retired/inactive)
J.Tolbert,2025,18,DAL,no 2026 game in player_games.parquet (retired/inactive)
J.Tolliver,2018,16,ARI,no 2026 game in player_games.parquet (retired/inactive)
J.Tonges,2025,20,SF,no 2026 game in player_games.parquet (retired/inactive)
J.Virgil,2022,16,DEN,no 2026 game in player_games.parquet (retired/inactive)
J.Washington,2022,14,DAL,no 2026 game in player_games.parquet (retired/inactive)
J.Watson,2025,2,HOU,no 2026 game in player_games.parquet (retired/inactive)
J.White,2021,3,NE,no 2026 game in player_games.parquet (retired/inactive)
J.Whyle,2025,19,GB,no 2026 game in player_games.parquet (retired/inactive)
J.Wilkins,2022,17,IND,no 2026 game in player_games.parquet (retired/inactive)
J.Wilson,2024,22,PHI,no 2026 game in player_games.parquet (retired/inactive)
J.Wims,2020,18,CHI,no 2026 game in player_games.parquet (retired/inactive)
J.Winfree,2023,8,IND,no 2026 game in player_games.parquet (retired/inactive)
J.Witten,2020,16,LV,no 2026 game in player_games.parquet (retired/inactive)
J.Wolford,2022,13,LA,no 2026 game in player_games.parquet (retired/inactive)
Ja.Williams,2024,20,DET,no 2026 game in player_games.parquet (retired/inactive)
Jak.Johnson,2023,4,LV,no 2026 game in player_games.parquet (retired/inactive)
Jos.Allen,2021,3,BUF,no 2026 game in player_games.parquet (retired/inactive)
Ju.Watson,2024,22,KC,no 2026 game in player_games.parquet (retired/inactive)
K.Barner,2021,18,TB,no 2026 game in player_games.parquet (retired/inactive)
K.Benjamin,2018,17,KC,no 2026 game in player_games.parquet (retired/inactive)
K.Bibbs,2018,17,GB,no 2026 game in player_games.parquet (retired/inactive)
K.Blanton,2022,4,LA,no 2026 game in player_games.parquet (retired/inactive)
K.Blasingame,2023,17,CHI,no 2026 game in player_games.parquet (retired/inactive)
K.Cole,2022,18,LV,no 2026 game in player_games.parquet (retired/inactive)
K.Cole Sr.,2020,17,JAX,no 2026 game in player_games.parquet (retired/inactive)
K.Coutee,2022,10,IND,no 2026 game in player_games.parquet (retired/inactive)
K.Dixon,2018,18,BAL,no 2026 game in player_games.parquet (retired/inactive)
K.Doss,2023,18,LAC,no 2026 game in player_games.parquet (retired/inactive)
K.Drake,2023,15,GB,no 2026 game in player_games.parquet (retired/inactive)
K.Golladay,2022,18,NYG,no 2026 game in player_games.parquet (retired/inactive)
K.Granson,2025,18,PHI,no 2026 game in player_games.parquet (retired/inactive)
K.Hamler,2022,8,DEN,no 2026 game in player_games.parquet (retired/inactive)
K.Harmon,2019,17,WAS,no 2026 game in player_games.parquet (retired/inactive)
K.Harris,2023,18,NE,no 2026 game in player_games.parquet (retired/inactive)
K.Herbert,2025,18,NYJ,no 2026 game in player_games.parquet (retired/inactive)
K.Hill,2022,9,GB,no 2026 game in player_games.parquet (retired/inactive)
K.Hill Jr.,2020,15,LAC,no 2026 game in player_games.parquet (retired/inactive)
K.Hinton,2022,17,DEN,no 2026 game in player_games.parquet (retired/inactive)
K.Hunt,2025,18,KC,no 2026 game in player_games.parquet (retired/inactive)
K.Ingram,2023,10,ARI,no 2026 game in player_games.parquet (retired/inactive)
K.Kieft,2023,15,TB,no 2026 game in player_games.parquet (retired/inactive)
K.Kirkwood,2023,16,NO,no 2026 game in player_games.parquet (retired/inactive)
K.Lambert-Smith,2025,18,LAC,no 2026 game in player_games.parquet (retired/inactive)
K.McIntosh,2024,18,SEA,no 2026 game in player_games.parquet (retired/inactive)
K.Nwangwu,2025,18,NYJ,no 2026 game in player_games.parquet (retired/inactive)
K.Osborn,2024,10,NE,no 2026 game in player_games.parquet (retired/inactive)
K.Philips,2023,18,TEN,no 2026 game in player_games.parquet (retired/inactive)
K.Rader,2023,18,TEN,no 2026 game in player_games.parquet (retired/inactive)
K.Rudolph,2022,18,TB,no 2026 game in player_games.parquet (retired/inactive)
K.Smith,2023,12,ATL,no 2026 game in player_games.parquet (retired/inactive)
K.Stills,2021,16,NO,no 2026 game in player_games.parquet (retired/inactive)
K.Vaughn,2024,14,SF,no 2026 game in player_games.parquet (retired/inactive)
K.Warring,2020,16,HOU,no 2026 game in player_games.parquet (retired/inactive)
K.White,2022,10,NO,no 2026 game in player_games.parquet (retired/inactive)
K.Yeboah,2024,18,NYJ,no 2026 game in player_games.parquet (retired/inactive)
L.Bell,2021,18,TB,no 2026 game in player_games.parquet (retired/inactive)
L.Blount,2018,17,DET,no 2026 game in player_games.parquet (retired/inactive)
L.Bowden,2023,18,NO,no 2026 game in player_games.parquet (retired/inactive)
L.Cager,2023,15,NYG,no 2026 game in player_games.parquet (retired/inactive)
L.Falk,2019,5,NYJ,no 2026 game in player_games.parquet (retired/inactive)
L.Fitzgerald,2020,16,ARI,no 2026 game in player_games.parquet (retired/inactive)
L.Fournette,2023,18,BUF,no 2026 game in player_games.parquet (retired/inactive)
L.Kendricks,2019,10,LAC,no 2026 game in player_games.parquet (retired/inactive)
L.Krull,2025,3,DEN,no 2026 game in player_games.parquet (retired/inactive)
L.McCaffrey,2025,8,WAS,no 2026 game in player_games.parquet (retired/inactive)
L.McCoy,2020,16,TB,no 2026 game in player_games.parquet (retired/inactive)
L.Miller,2020,10,CHI,no 2026 game in player_games.parquet (retired/inactive)
L.Murray,2023,20,BUF,no 2026 game in player_games.parquet (retired/inactive)
L.Musgrave,2025,19,GB,no 2026 game in player_games.parquet (retired/inactive)
L.Paulsen,2018,17,ATL,no 2026 game in player_games.parquet (retired/inactive)
L.Perine,2023,18,KC,no 2026 game in player_games.parquet (retired/inactive)
L.Rountree,2022,18,LAC,no 2026 game in player_games.parquet (retired/inactive)
L.Shenault,2024,8,SEA,no 2026 game in player_games.parquet (retired/inactive)
L.Shenault Jr.,2020,17,JAX,no 2026 game in player_games.parquet (retired/inactive)
L.Smith,2021,15,ATL,no 2026 game in player_games.parquet (retired/inactive)
L.Stocker,2021,9,MIN,no 2026 game in player_games.parquet (retired/inactive)
L.Thomas,2023,18,WAS,no 2026 game in player_games.parquet (retired/inactive)
L.Toilolo,2020,17,NYG,no 2026 game in player_games.parquet (retired/inactive)
L.Willson,2020,13,BAL,no 2026 game in player_games.parquet (retired/inactive)
M.Ateman,2019,17,LV,no 2026 game in player_games.parquet (retired/inactive)
M.Bandy,2025,17,DEN,no 2026 game in player_games.parquet (retired/inactive)
M.Barkley,2020,17,BUF,no 2026 game in player_games.parquet (retired/inactive)
M.Boone,2024,18,CAR,no 2026 game in player_games.parquet (retired/inactive)
M.Breida,2023,16,NYG,no 2026 game in player_games.parquet (retired/inactive)
M.Brosmer,2025,18,MIN,no 2026 game in player_games.parquet (retired/inactive)
M.Bryant,2018,10,LV,no 2026 game in player_games.parquet (retired/inactive)
M.Callaway,2022,18,NO,no 2026 game in player_games.parquet (retired/inactive)
M.Carter,2025,18,ARI,no 2026 game in player_games.parquet (retired/inactive)
M.Crabtree,2019,3,ARI,no 2026 game in player_games.parquet (retired/inactive)
M.Davis,2025,17,DAL,no 2026 game in player_games.parquet (retired/inactive)
M.Floyd,2018,17,WAS,no 2026 game in player_games.parquet (retired/inactive)
M.Gallup,2023,19,DAL,no 2026 game in player_games.parquet (retired/inactive)
M.Gaskin,2025,13,SEA,no 2026 game in player_games.parquet (retired/inactive)
M.Gillislee,2018,4,NO,no 2026 game in player_games.parquet (retired/inactive)
M.Glennon,2021,17,NYG,no 2026 game in player_games.parquet (retired/inactive)
M.Gordon,2023,18,BAL,no 2026 game in player_games.parquet (retired/inactive)
M.Hall,2021,16,ATL,no 2026 game in player_games.parquet (retired/inactive)
M.Hardman,2025,20,BUF,no 2026 game in player_games.parquet (retired/inactive)
M.Harris,2018,15,WAS,no 2026 game in player_games.parquet (retired/inactive)
M.Heath,2025,13,GB,no 2026 game in player_games.parquet (retired/inactive)
M.Ingram,2022,13,NO,no 2026 game in player_games.parquet (retired/inactive)
M.Ingram II,2019,19,BAL,no 2026 game in player_games.parquet (retired/inactive)
M.Johnson,2022,20,NYG,no 2026 game in player_games.parquet (retired/inactive)
M.Jones,2025,20,SF,no 2026 game in player_games.parquet (retired/inactive)
M.Jones Jr.,2019,14,DET,no 2026 game in player_games.parquet (retired/inactive)
M.Kemp,2022,21,KC,no 2026 game in player_games.parquet (retired/inactive)
M.Kinsey,2025,17,TEN,no 2026 game in player_games.parquet (retired/inactive)
M.LaCosse,2019,16,NE,no 2026 game in player_games.parquet (retired/inactive)
M.Lengel,2018,15,CIN,no 2026 game in player_games.parquet (retired/inactive)
M.Lewis,2024,6,CHI,no 2026 game in player_games.parquet (retired/inactive)
M.Lynch,2019,19,SEA,no 2026 game in player_games.parquet (retired/inactive)
M.Mack,2022,16,DEN,no 2026 game in player_games.parquet (retired/inactive)
M.Mims,2025,21,DEN,no 2026 game in player_games.parquet (retired/inactive)
M.Moore,2025,17,NYJ,no 2026 game in player_games.parquet (retired/inactive)
M.Murphy,2018,15,BUF,no 2026 game in player_games.parquet (retired/inactive)
M.Perry,2020,17,MIA,no 2026 game in player_games.parquet (retired/inactive)
M.Roberts,2018,14,DET,no 2026 game in player_games.parquet (retired/inactive)
M.Ryan,2022,15,IND,no 2026 game in player_games.parquet (retired/inactive)
M.Sanders,2025,4,DAL,no 2026 game in player_games.parquet (retired/inactive)
M.Sanu,2021,9,SF,no 2026 game in player_games.parquet (retired/inactive)
M.Sanu Sr.,2019,18,NE,no 2026 game in player_games.parquet (retired/inactive)
M.Sargent,2021,18,JAX,no 2026 game in player_games.parquet (retired/inactive)
M.Schaub,2019,12,ATL,no 2026 game in player_games.parquet (retired/inactive)
M.Strachan,2023,13,CAR,no 2026 game in player_games.parquet (retired/inactive)
M.Thomas,2023,10,NO,no 2026 game in player_games.parquet (retired/inactive)
M.Tinsley,2025,16,CIN,no 2026 game in player_games.parquet (retired/inactive)
M.Tipton,2025,16,NO,no 2026 game in player_games.parquet (retired/inactive)
M.Trubisky,2025,18,BUF,no 2026 game in player_games.parquet (retired/inactive)
M.Turner,2025,19,SF,no 2026 game in player_games.parquet (retired/inactive)
M.Walton,2019,9,MIA,no 2026 game in player_games.parquet (retired/inactive)
M.White,2024,18,BUF,no 2026 game in player_games.parquet (retired/inactive)
M.Wilcox,2023,17,CIN,no 2026 game in player_games.parquet (retired/inactive)
M.Wilson,2025,18,ARI,no 2026 game in player_games.parquet (retired/inactive)
Mi.Carter,2023,10,NYJ,no 2026 game in player_games.parquet (retired/inactive)
Mi.Thomas,2022,11,CIN,no 2026 game in player_games.parquet (retired/inactive)
N.Agholor,2024,20,BAL,no 2026 game in player_games.parquet (retired/inactive)
N.Bawden,2023,17,NYJ,no 2026 game in player_games.parquet (retired/inactive)
N.Bellore,2022,18,SEA,no 2026 game in player_games.parquet (retired/inactive)
N.Boyle,2021,17,BAL,no 2026 game in player_games.parquet (retired/inactive)
N.Brown,2025,15,WAS,no 2026 game in player_games.parquet (retired/inactive)
N.Chubb,2025,20,HOU,no 2026 game in player_games.parquet (retired/inactive)
N.Dell,2023,11,HOU,no 2026 game in player_games.parquet (retired/inactive)
N.Foles,2022,17,IND,no 2026 game in player_games.parquet (retired/inactive)
N.Harry,2022,18,CHI,no 2026 game in player_games.parquet (retired/inactive)
N.Hines,2022,20,BUF,no 2026 game in player_games.parquet (retired/inactive)
N.Keizer,2020,20,KC,no 2026 game in player_games.parquet (retired/inactive)
N.Mullens,2025,18,JAX,no 2026 game in player_games.parquet (retired/inactive)
N.O'Leary,2019,14,JAX,no 2026 game in player_games.parquet (retired/inactive)
N.Paul,2018,6,JAX,no 2026 game in player_games.parquet (retired/inactive)
N.Peterman,2023,7,CHI,no 2026 game in player_games.parquet (retired/inactive)
N.Sterling,2018,8,NYJ,no 2026 game in player_games.parquet (retired/inactive)
N.Vannett,2024,18,TEN,no 2026 game in player_games.parquet (retired/inactive)
N.Westbrook-Ikhine,2025,15,MIA,no 2026 game in player_games.parquet (retired/inactive)
O.Howard,2022,17,HOU,no 2026 game in player_games.parquet (retired/inactive)
O.Johnson,2020,16,MIN,no 2026 game in player_games.parquet (retired/inactive)
P.Barber,2021,17,LV,no 2026 game in player_games.parquet (retired/inactive)
P.Brown,2025,15,ARI,no 2026 game in player_games.parquet (retired/inactive)
P.Campbell,2024,13,PHI,no 2026 game in player_games.parquet (retired/inactive)
P.Cooper,2022,18,ARI,no 2026 game in player_games.parquet (retired/inactive)
P.DiMarco,2019,18,BUF,no 2026 game in player_games.parquet (retired/inactive)
P.Dorsett,2023,17,DEN,no 2026 game in player_games.parquet (retired/inactive)
P.Garcon,2018,9,SF,no 2026 game in player_games.parquet (retired/inactive)
P.Hart,2022,16,SEA,no 2026 game in player_games.parquet (retired/inactive)
P.Hendershot,2024,18,KC,no 2026 game in player_games.parquet (retired/inactive)
P.Hesse,2022,18,ATL,no 2026 game in player_games.parquet (retired/inactive)
P.Laird,2021,11,MIA,no 2026 game in player_games.parquet (retired/inactive)
P.Lindsay,2022,9,IND,no 2026 game in player_games.parquet (retired/inactive)
P.Perkins,2019,10,DET,no 2026 game in player_games.parquet (retired/inactive)
P.Richardson,2019,12,WAS,no 2026 game in player_games.parquet (retired/inactive)
P.Rivers,2025,17,IND,no 2026 game in player_games.parquet (retired/inactive)
P.Taylor,2024,18,SF,no 2026 game in player_games.parquet (retired/inactive)
P.Williams,2021,12,MIA,no 2026 game in player_games.parquet (retired/inactive)
Q.Cephus,2022,4,DET,no 2026 game in player_games.parquet (retired/inactive)
Q.Enunwa,2019,1,NYJ,no 2026 game in player_games.parquet (retired/inactive)
Q.Ewers,2025,18,MIA,no 2026 game in player_games.parquet (retired/inactive)
Q.Ollison,2021,18,ATL,no 2026 game in player_games.parquet (retired/inactive)
Q.Watkins,2023,19,PHI,no 2026 game in player_games.parquet (retired/inactive)
R.Ali,2025,18,BAL,no 2026 game in player_games.parquet (retired/inactive)
R.Anderson,2022,17,ARI,no 2026 game in player_games.parquet (retired/inactive)
R.Armstead,2021,18,JAX,no 2026 game in player_games.parquet (retired/inactive)
R.Bell,2025,18,NO,no 2026 game in player_games.parquet (retired/inactive)
R.Blackshear,2024,18,CAR,no 2026 game in player_games.parquet (retired/inactive)
R.Bonnafon,2022,18,WAS,no 2026 game in player_games.parquet (retired/inactive)
R.Burkhead,2022,18,HOU,no 2026 game in player_games.parquet (retired/inactive)
R.Chosen,2025,11,WAS,no 2026 game in player_games.parquet (retired/inactive)
R.Cobb,2023,18,NYJ,no 2026 game in player_games.parquet (retired/inactive)
R.Cracraft,2024,18,MIA,no 2026 game in player_games.parquet (retired/inactive)
R.Dwelley,2025,14,DET,no 2026 game in player_games.parquet (retired/inactive)
R.Ellison,2019,10,NYG,no 2026 game in player_games.parquet (retired/inactive)
R.Finley,2020,15,CIN,no 2026 game in player_games.parquet (retired/inactive)
R.Fitzpatrick,2021,1,WAS,no 2026 game in player_games.parquet (retired/inactive)
R.Foster,2020,16,WAS,no 2026 game in player_games.parquet (retired/inactive)
R.Freeman,2023,18,LA,no 2026 game in player_games.parquet (retired/inactive)
R.Gage,2022,19,TB,no 2026 game in player_games.parquet (retired/inactive)
R.Gathers,2018,19,DAL,no 2026 game in player_games.parquet (retired/inactive)
R.Grant,2019,2,LV,no 2026 game in player_games.parquet (retired/inactive)
R.Greene,2018,16,JAX,no 2026 game in player_games.parquet (retired/inactive)
R.Griffin,2022,17,CHI,no 2026 game in player_games.parquet (retired/inactive)
R.Griffin III,2019,17,BAL,no 2026 game in player_games.parquet (retired/inactive)
R.Gronkowski,2021,20,TB,no 2026 game in player_games.parquet (retired/inactive)
R.Izzo,2020,13,NE,no 2026 game in player_games.parquet (retired/inactive)
R.James,2023,22,KC,no 2026 game in player_games.parquet (retired/inactive)
R.James Jr.,2019,14,SF,no 2026 game in player_games.parquet (retired/inactive)
R.Jarrett,2024,17,TB,no 2026 game in player_games.parquet (retired/inactive)
R.Johnson,2025,7,CHI,no 2026 game in player_games.parquet (retired/inactive)
R.Jones,2022,21,KC,no 2026 game in player_games.parquet (retired/inactive)
R.Jones II,2018,15,TB,no 2026 game in player_games.parquet (retired/inactive)
R.Leonard,2025,18,IND,no 2026 game in player_games.parquet (retired/inactive)
R.Matthews,2018,15,NYJ,no 2026 game in player_games.parquet (retired/inactive)
R.McCloud,2025,9,NYG,no 2026 game in player_games.parquet (retired/inactive)
R.McMath,2022,18,TEN,no 2026 game in player_games.parquet (retired/inactive)
R.Moore,2023,18,ARI,no 2026 game in player_games.parquet (retired/inactive)
R.Mostert,2025,16,LV,no 2026 game in player_games.parquet (retired/inactive)
R.Nall,2021,8,CHI,no 2026 game in player_games.parquet (retired/inactive)
R.Ortiz,2019,17,NO,no 2026 game in player_games.parquet (retired/inactive)
R.Pearsall,2025,20,SF,no 2026 game in player_games.parquet (retired/inactive)
R.Penny,2023,18,PHI,no 2026 game in player_games.parquet (retired/inactive)
R.Ridley,2020,18,CHI,no 2026 game in player_games.parquet (retired/inactive)
R.Rodgers,2022,10,LAC,no 2026 game in player_games.parquet (retired/inactive)
R.Seals-Jones,2021,17,WAS,no 2026 game in player_games.parquet (retired/inactive)
R.Shepard,2019,3,NYG,no 2026 game in player_games.parquet (retired/inactive)
R.Smith,2021,4,CAR,no 2026 game in player_games.parquet (retired/inactive)
R.Tannehill,2023,18,TEN,no 2026 game in player_games.parquet (retired/inactive)
R.Thomas,2025,9,IND,no 2026 game in player_games.parquet (retired/inactive)
R.Travis,2019,16,IND,no 2026 game in player_games.parquet (retired/inactive)
R.Woods,2024,19,HOU,no 2026 game in player_games.parquet (retired/inactive)
Ro.Anderson,2019,17,NYJ,no 2026 game in player_games.parquet (retired/inactive)
S.Ahmed,2023,11,MIA,no 2026 game in player_games.parquet (retired/inactive)
S.Bradford,2018,3,ARI,no 2026 game in player_games.parquet (retired/inactive)
S.Conner,2022,17,JAX,no 2026 game in player_games.parquet (retired/inactive)
S.DeValve,2020,16,ARI,no 2026 game in player_games.parquet (retired/inactive)
S.Ehlinger,2022,18,IND,no 2026 game in player_games.parquet (retired/inactive)
S.Fehoko,2024,9,LAC,no 2026 game in player_games.parquet (retired/inactive)
S.Howell,2024,15,SEA,no 2026 game in player_games.parquet (retired/inactive)
S.Jackson,2025,18,LV,no 2026 game in player_games.parquet (retired/inactive)
S.Mannion,2021,17,MIN,no 2026 game in player_games.parquet (retired/inactive)
S.Matlock,2025,15,LAC,no 2026 game in player_games.parquet (retired/inactive)
S.McCormick,2024,15,LV,no 2026 game in player_games.parquet (retired/inactive)
S.McKeon,2023,8,DAL,no 2026 game in player_games.parquet (retired/inactive)
S.Michel,2022,11,LAC,no 2026 game in player_games.parquet (retired/inactive)
S.Mitchell,2020,17,HOU,no 2026 game in player_games.parquet (retired/inactive)
S.Morgan,2022,5,CIN,no 2026 game in player_games.parquet (retired/inactive)
S.Phillips,2021,9,HOU,no 2026 game in player_games.parquet (retired/inactive)
S.Rattler,2025,15,NO,no 2026 game in player_games.parquet (retired/inactive)
S.Roberts,2020,4,CAR,no 2026 game in player_games.parquet (retired/inactive)
S.Simonson,2019,15,NYG,no 2026 game in player_games.parquet (retired/inactive)
S.Sims,2025,16,ARI,no 2026 game in player_games.parquet (retired/inactive)
S.Smartt,2025,17,NYJ,no 2026 game in player_games.parquet (retired/inactive)
S.Smith,2022,18,CAR,no 2026 game in player_games.parquet (retired/inactive)
S.Sullivan,2024,13,CAR,no 2026 game in player_games.parquet (retired/inactive)
S.Thompson,2024,3,MIA,no 2026 game in player_games.parquet (retired/inactive)
S.Toure,2025,18,NO,no 2026 game in player_games.parquet (retired/inactive)
S.Tucker,2025,18,TB,no 2026 game in player_games.parquet (retired/inactive)
S.Ware,2019,16,KC,no 2026 game in player_games.parquet (retired/inactive)
S.Watkins,2022,19,BAL,no 2026 game in player_games.parquet (retired/inactive)
S.Williams,2025,16,GB,no 2026 game in player_games.parquet (retired/inactive)
S.Wilson,2018,10,TB,no 2026 game in player_games.parquet (retired/inactive)
S.Zylstra,2025,16,DET,no 2026 game in player_games.parquet (retired/inactive)
T.Austin,2021,17,JAX,no 2026 game in player_games.parquet (retired/inactive)
T.Benjamin,2021,21,SF,no 2026 game in player_games.parquet (retired/inactive)
T.Benson,2025,4,ARI,no 2026 game in player_games.parquet (retired/inactive)
T.Bohanon,2018,16,JAX,no 2026 game in player_games.parquet (retired/inactive)
T.Boyd,2024,17,TEN,no 2026 game in player_games.parquet (retired/inactive)
T.Boyle,2024,15,NYG,no 2026 game in player_games.parquet (retired/inactive)
T.Brady,2022,19,TB,no 2026 game in player_games.parquet (retired/inactive)
T.Bridgewater,2025,12,TB,no 2026 game in player_games.parquet (retired/inactive)
T.Brooks,2025,17,CIN,no 2026 game in player_games.parquet (retired/inactive)
T.Brooks-James,2020,12,ATL,no 2026 game in player_games.parquet (retired/inactive)
T.Burton,2020,18,IND,no 2026 game in player_games.parquet (retired/inactive)
T.Cannon,2021,2,SF,no 2026 game in player_games.parquet (retired/inactive)
T.Chandler,2025,18,MIN,no 2026 game in player_games.parquet (retired/inactive)
T.Cleveland,2022,10,DEN,no 2026 game in player_games.parquet (retired/inactive)
T.Cohen,2020,3,CHI,no 2026 game in player_games.parquet (retired/inactive)
T.Coleman,2022,6,SF,no 2026 game in player_games.parquet (retired/inactive)
T.Conklin,2025,18,LAC,no 2026 game in player_games.parquet (retired/inactive)
T.Conner,2025,9,MIA,no 2026 game in player_games.parquet (retired/inactive)
T.Davis,2022,12,GB,no 2026 game in player_games.parquet (retired/inactive)
T.Davis-Price,2024,17,PHI,no 2026 game in player_games.parquet (retired/inactive)
T.Dell,2024,16,HOU,no 2026 game in player_games.parquet (retired/inactive)
T.Ebner,2022,18,CHI,no 2026 game in player_games.parquet (retired/inactive)
T.Eifert,2020,17,JAX,no 2026 game in player_games.parquet (retired/inactive)
T.Ervin,2020,10,GB,no 2026 game in player_games.parquet (retired/inactive)
T.Fisk,2025,19,LAC,no 2026 game in player_games.parquet (retired/inactive)
T.Fulgham,2020,17,PHI,no 2026 game in player_games.parquet (retired/inactive)
T.Fumagalli,2020,17,DEN,no 2026 game in player_games.parquet (retired/inactive)
T.Gabriel,2019,12,CHI,no 2026 game in player_games.parquet (retired/inactive)
T.Ginn,2020,4,CHI,no 2026 game in player_games.parquet (retired/inactive)
T.Gurley,2020,17,ATL,no 2026 game in player_games.parquet (retired/inactive)
T.Hairston,2022,18,HOU,no 2026 game in player_games.parquet (retired/inactive)
T.Heinicke,2024,17,LAC,no 2026 game in player_games.parquet (retired/inactive)
T.Hill,2025,18,NO,no 2026 game in player_games.parquet (retired/inactive)
T.Hilton,2022,20,DAL,no 2026 game in player_games.parquet (retired/inactive)
T.Huntley,2025,17,BAL,no 2026 game in player_games.parquet (retired/inactive)
T.Irwin,2024,9,CIN,no 2026 game in player_games.parquet (retired/inactive)
T.Jackson,2023,9,MIN,no 2026 game in player_games.parquet (retired/inactive)
T.Jennings,2025,12,NE,no 2026 game in player_games.parquet (retired/inactive)
T.Jones,2025,9,JAX,no 2026 game in player_games.parquet (retired/inactive)
T.Kennedy,2025,13,DET,no 2026 game in player_games.parquet (retired/inactive)
T.Kroft,2022,15,SF,no 2026 game in player_games.parquet (retired/inactive)
T.Lance,2025,18,LAC,no 2026 game in player_games.parquet (retired/inactive)
T.Lewis,2021,16,MIA,no 2026 game in player_games.parquet (retired/inactive)
T.Lockett,2025,18,LV,no 2026 game in player_games.parquet (retired/inactive)
T.Logan,2019,13,TB,no 2026 game in player_games.parquet (retired/inactive)
T.Marshall,2024,17,LV,no 2026 game in player_games.parquet (retired/inactive)
T.McKee,2025,18,PHI,no 2026 game in player_games.parquet (retired/inactive)
T.McKitty,2022,19,LAC,no 2026 game in player_games.parquet (retired/inactive)
T.McSorley,2022,18,ARI,no 2026 game in player_games.parquet (retired/inactive)
T.Mizzell,2018,18,CHI,no 2026 game in player_games.parquet (retired/inactive)
T.Montgomery,2023,14,NE,no 2026 game in player_games.parquet (retired/inactive)
T.Palmer,2024,16,TB,no 2026 game in player_games.parquet (retired/inactive)
T.Patrick,2025,19,JAX,no 2026 game in player_games.parquet (retired/inactive)
T.Pope,2020,12,LAC,no 2026 game in player_games.parquet (retired/inactive)
T.Pryor,2018,10,BUF,no 2026 game in player_games.parquet (retired/inactive)
T.Quinn,2019,13,WAS,no 2026 game in player_games.parquet (retired/inactive)
T.Quitoriano,2023,5,HOU,no 2026 game in player_games.parquet (retired/inactive)
T.Reiman,2025,5,ARI,no 2026 game in player_games.parquet (retired/inactive)
T.Riddick,2020,17,LV,no 2026 game in player_games.parquet (retired/inactive)
T.Scott,2024,15,CHI,no 2026 game in player_games.parquet (retired/inactive)
T.Sermon,2024,18,IND,no 2026 game in player_games.parquet (retired/inactive)
T.Sharpe,2021,18,ATL,no 2026 game in player_games.parquet (retired/inactive)
T.Shavers,2025,19,BUF,no 2026 game in player_games.parquet (retired/inactive)
T.Sherfield,2025,14,ARI,no 2026 game in player_games.parquet (retired/inactive)
T.Siemian,2023,18,NYJ,no 2026 game in player_games.parquet (retired/inactive)
T.Smith,2024,3,DAL,no 2026 game in player_games.parquet (retired/inactive)
T.Sweeney,2022,6,BUF,no 2026 game in player_games.parquet (retired/inactive)
T.Tagovailoa,2025,15,MIA,no 2026 game in player_games.parquet (retired/inactive)
T.Taylor,2025,14,NYJ,no 2026 game in player_games.parquet (retired/inactive)
T.Wallace,2025,12,BAL,no 2026 game in player_games.parquet (retired/inactive)
T.Wease,2025,18,MIA,no 2026 game in player_games.parquet (retired/inactive)
T.Wesco,2023,13,TEN,no 2026 game in player_games.parquet (retired/inactive)
T.Yeldon,2020,20,BUF,no 2026 game in player_games.parquet (retired/inactive)
Ty.Johnson,2025,18,BUF,no 2026 game in player_games.parquet (retired/inactive)
Ty.Williams,2018,19,LAC,no 2026 game in player_games.parquet (retired/inactive)
V.Davis,2019,4,WAS,no 2026 game in player_games.parquet (retired/inactive)
V.Green,2020,7,LAC,no 2026 game in player_games.parquet (retired/inactive)
V.Jefferson,2025,17,TEN,no 2026 game in player_games.parquet (retired/inactive)
V.Jones,2025,20,SEA,no 2026 game in player_games.parquet (retired/inactive)
V.Smith,2021,14,NYJ,no 2026 game in player_games.parquet (retired/inactive)
W.Dissly,2025,18,LAC,no 2026 game in player_games.parquet (retired/inactive)
W.Fuller,2021,4,MIA,no 2026 game in player_games.parquet (retired/inactive)
W.Gallman,2021,12,ATL,no 2026 game in player_games.parquet (retired/inactive)
W.Gallman Jr,2019,12,NYG,no 2026 game in player_games.parquet (retired/inactive)
W.Gallman Jr.,2020,17,NYG,no 2026 game in player_games.parquet (retired/inactive)
W.Levis,2024,18,TEN,no 2026 game in player_games.parquet (retired/inactive)
W.Mallory,2025,17,IND,no 2026 game in player_games.parquet (retired/inactive)
W.Smallwood,2021,17,WAS,no 2026 game in player_games.parquet (retired/inactive)
W.Snead,2023,16,SF,no 2026 game in player_games.parquet (retired/inactive)
W.Snead IV,2019,19,BAL,no 2026 game in player_games.parquet (retired/inactive)
X.Gipson,2025,12,PHI,no 2026 game in player_games.parquet (retired/inactive)
X.Weaver,2025,17,ARI,no 2026 game in player_games.parquet (retired/inactive)
Z.Charbonnet,2025,20,SEA,no 2026 game in player_games.parquet (retired/inactive)
Z.Evans,2023,18,LA,no 2026 game in player_games.parquet (retired/inactive)
Z.Horvath,2022,11,LAC,no 2026 game in player_games.parquet (retired/inactive)
Z.Jones,2025,10,ARI,no 2026 game in player_games.parquet (retired/inactive)
Z.Line,2019,15,NO,no 2026 game in player_games.parquet (retired/inactive)
Z.Moss,2024,8,CIN,no 2026 game in player_games.parquet (retired/inactive)
Z.Pascal,2023,15,ARI,no 2026 game in player_games.parquet (retired/inactive)
Z.Scott,2025,18,MIN,no 2026 game in player_games.parquet (retired/inactive)
Z.White,2025,18,LV,no 2026 game in player_games.parquet (retired/inactive)
Z.Wilson,2025,18,MIA,no 2026 game in player_games.parquet (retired/inactive)
Z.Zenner,2019,9,ARI,no 2026 game in player_games.parquet (retired/inactive)
