game_id,game,season,week,kickoff_et,already_played,model_spread_fri,model_total_fri,market_spread_fri,market_total_fri,edge_fri,spread_pick_fri,model_spread_adj,edge_adj,spread_pick_final,void_reason,qb_news_fri,wind_fri,elo_diff_fri,off_epa_diff_fri,def_epa_diff_fri,captured_at_utc,captured_at_et,notes
2026_04_PIT_CLE,PIT @ CLE,2026,4,2026-10-01T20:15:00-04:00,0,-1.4,43.2,-2.5,37.5,1.1,no play,-1.4,1.1,no play,,,,-84.2,0.0085,-0.0557,2026-09-29 21:08 UTC,2026-09-29 17:08 EDT,"Friday pipeline outputs generated 2026-09-25 (per file mtime), before Tue snapshot; consolidated 2026-09-29. Inverted order vs steady-state design."
2026_04_IND_WAS,IND @ WAS,2026,4,2026-10-04T09:30:00-04:00,0,2.3,49.1,-4.5,46.5,6.8,WAS +4.5,-3.2,1.3,no play,VOID — QB out: Jayden Daniels -> Marcus Mariota (edge +6.8 -> +1.3),DOUBTFUL: Jayden Daniels -> Marcus Mariota,,-2.0,0.0517,-0.0031,2026-09-29 21:08 UTC,2026-09-29 17:08 EDT,"Friday pipeline outputs generated 2026-09-25 (per file mtime), before Tue snapshot; consolidated 2026-09-29. Inverted order vs steady-state design."
2026_04_TEN_BAL,TEN @ BAL,2026,4,2026-10-04T13:00:00-04:00,0,11.0,47.3,10.5,44.5,0.5,no play,11.0,0.5,no play,,,,260.2,0.2122,-0.0019,2026-09-29 21:08 UTC,2026-09-29 17:08 EDT,"Friday pipeline outputs generated 2026-09-25 (per file mtime), before Tue snapshot; consolidated 2026-09-29. Inverted order vs steady-state design."
2026_04_NE_BUF,NE @ BUF,2026,4,2026-10-04T13:00:00-04:00,0,4.3,48.6,5.5,50.5,-1.2,no play,4.3,-1.2,no play,,,,91.1,0.2556,0.0772,2026-09-29 21:08 UTC,2026-09-29 17:08 EDT,"Friday pipeline outputs generated 2026-09-25 (per file mtime), before Tue snapshot; consolidated 2026-09-29. Inverted order vs steady-state design."
2026_04_NYJ_CHI,NYJ @ CHI,2026,4,2026-10-04T13:00:00-04:00,0,6.6,46.6,3.0,43.5,3.6,CHI -3.0,6.6,3.6,CHI -3.0,,,,192.9,0.1098,-0.0995,2026-09-29 21:08 UTC,2026-09-29 17:08 EDT,"Friday pipeline outputs generated 2026-09-25 (per file mtime), before Tue snapshot; consolidated 2026-09-29. Inverted order vs steady-state design."
2026_04_JAX_CIN,JAX @ CIN,2026,4,2026-10-04T13:00:00-04:00,0,-0.7,47.7,2.5,50.5,-3.2,JAX +2.5,-0.7,-3.2,JAX +2.5,,,,-72.8,-0.0507,0.0714,2026-09-29 21:08 UTC,2026-09-29 17:08 EDT,"Friday pipeline outputs generated 2026-09-25 (per file mtime), before Tue snapshot; consolidated 2026-09-29. Inverted order vs steady-state design."
2026_04_DAL_HOU,DAL @ HOU,2026,4,2026-10-04T13:00:00-04:00,0,2.4,48.0,2.5,47.5,-0.1,no play,2.4,-0.1,no play,,,,85.8,-0.2013,-0.2341,2026-09-29 21:08 UTC,2026-09-29 17:08 EDT,"Friday pipeline outputs generated 2026-09-25 (per file mtime), before Tue snapshot; consolidated 2026-09-29. Inverted order vs steady-state design."
2026_04_ARI_NYG,ARI @ NYG,2026,4,2026-10-04T13:00:00-04:00,0,1.6,44.7,2.5,43.5,-0.9,no play,-0.9,-3.4,no play,VOID — QB out: Jaxson Dart -> Jameis Winston (edge -0.9 -> -3.4),OUT: Jaxson Dart -> Jameis Winston,,26.2,-0.0451,-0.1245,2026-09-29 21:08 UTC,2026-09-29 17:08 EDT,"Friday pipeline outputs generated 2026-09-25 (per file mtime), before Tue snapshot; consolidated 2026-09-29. Inverted order vs steady-state design."
2026_04_LA_PHI,LA @ PHI,2026,4,2026-10-04T13:00:00-04:00,0,-2.4,48.7,-3.0,46.5,0.6,no play,-2.4,0.6,no play,,,,-18.2,-0.1281,0.0721,2026-09-29 21:08 UTC,2026-09-29 17:08 EDT,"Friday pipeline outputs generated 2026-09-25 (per file mtime), before Tue snapshot; consolidated 2026-09-29. Inverted order vs steady-state design."
2026_04_GB_TB,GB @ TB,2026,4,2026-10-04T13:00:00-04:00,0,2.3,45.5,-1.5,45.5,3.8,TB +1.5,2.3,3.8,TB +1.5,,,,-47.2,-0.0679,-0.1331,2026-09-29 21:08 UTC,2026-09-29 17:08 EDT,"Friday pipeline outputs generated 2026-09-25 (per file mtime), before Tue snapshot; consolidated 2026-09-29. Inverted order vs steady-state design."
2026_04_MIA_MIN,MIA @ MIN,2026,4,2026-10-04T16:05:00-04:00,0,9.1,43.3,10.5,43.5,-1.4,no play,9.1,-1.4,no play,,,,219.1,-0.0216,-0.3304,2026-09-29 21:08 UTC,2026-09-29 17:08 EDT,"Friday pipeline outputs generated 2026-09-25 (per file mtime), before Tue snapshot; consolidated 2026-09-29. Inverted order vs steady-state design."
2026_04_KC_LV,KC @ LV,2026,4,2026-10-04T16:25:00-04:00,0,-5.1,40.6,-5.5,45.5,0.4,no play,-5.1,0.4,no play,,,,-128.8,-0.1203,-0.0286,2026-09-29 21:08 UTC,2026-09-29 17:08 EDT,"Friday pipeline outputs generated 2026-09-25 (per file mtime), before Tue snapshot; consolidated 2026-09-29. Inverted order vs steady-state design."
2026_04_LAC_SEA,LAC @ SEA,2026,4,2026-10-04T16:25:00-04:00,0,10.8,42.8,6.5,43.5,4.3,SEA -6.5,10.8,4.3,SEA -6.5,,,,231.4,0.1835,-0.1151,2026-09-29 21:08 UTC,2026-09-29 17:08 EDT,"Friday pipeline outputs generated 2026-09-25 (per file mtime), before Tue snapshot; consolidated 2026-09-29. Inverted order vs steady-state design."
2026_04_DEN_SF,DEN @ SF,2026,4,2026-10-04T16:25:00-04:00,0,4.0,49.9,3.5,46.5,0.5,no play,4.0,0.5,no play,,,,9.4,0.2637,0.0432,2026-09-29 21:08 UTC,2026-09-29 17:08 EDT,"Friday pipeline outputs generated 2026-09-25 (per file mtime), before Tue snapshot; consolidated 2026-09-29. Inverted order vs steady-state design."
2026_04_DET_CAR,DET @ CAR,2026,4,2026-10-04T20:20:00-04:00,0,-1.1,52.4,-2.5,49.5,1.4,no play,-1.1,1.4,no play,,,,-130.3,-0.0973,-0.1212,2026-09-29 21:08 UTC,2026-09-29 17:08 EDT,"Friday pipeline outputs generated 2026-09-25 (per file mtime), before Tue snapshot; consolidated 2026-09-29. Inverted order vs steady-state design."
2026_04_ATL_NO,ATL @ NO,2026,4,2026-10-05T20:15:00-04:00,0,-1.2,45.8,3.5,45.5,-4.7,ATL +3.5,-1.2,-4.7,ATL +3.5,,,,-21.7,0.0648,0.0236,2026-09-29 21:08 UTC,2026-09-29 17:08 EDT,"Friday pipeline outputs generated 2026-09-25 (per file mtime), before Tue snapshot; consolidated 2026-09-29. Inverted order vs steady-state design."
