game_id,game,season,week,kickoff_et,model_spread_tue,model_total_tue,market_spread_tue,market_total_tue,market_tue_missing,market_tue_captured_at,elo_diff_tue,off_epa_diff_tue,def_epa_diff_tue,captured_at_utc,captured_at_et,timing_flag,cold_start_week,notes
2026_04_PIT_CLE,PIT @ CLE,2026,4,2026-10-01T20:15:00-04:00,-1.4,44.8,,,1,,-84.2,0.0085,-0.0557,2026-09-29 21:08 UTC,2026-09-29 17:08 EDT,OK,1,
2026_04_IND_WAS,IND @ WAS,2026,4,2026-10-04T09:30:00-04:00,0.9,47.7,,,1,,-2.0,0.0517,-0.0031,2026-09-29 21:08 UTC,2026-09-29 17:08 EDT,OK,1,
2026_04_TEN_BAL,TEN @ BAL,2026,4,2026-10-04T13:00:00-04:00,10.4,47.4,,,1,,260.2,0.2122,-0.0019,2026-09-29 21:08 UTC,2026-09-29 17:08 EDT,OK,1,
2026_04_NE_BUF,NE @ BUF,2026,4,2026-10-04T13:00:00-04:00,6.5,46.5,,,1,,91.1,0.2556,0.0772,2026-09-29 21:08 UTC,2026-09-29 17:08 EDT,OK,1,
2026_04_NYJ_CHI,NYJ @ CHI,2026,4,2026-10-04T13:00:00-04:00,8.9,47.9,,,1,,192.9,0.1098,-0.0995,2026-09-29 21:08 UTC,2026-09-29 17:08 EDT,OK,1,
2026_04_JAX_CIN,JAX @ CIN,2026,4,2026-10-04T13:00:00-04:00,-2.0,49.5,,,1,,-72.8,-0.0507,0.0714,2026-09-29 21:08 UTC,2026-09-29 17:08 EDT,OK,1,
2026_04_DAL_HOU,DAL @ HOU,2026,4,2026-10-04T13:00:00-04:00,2.7,46.0,,,1,,85.8,-0.2013,-0.2341,2026-09-29 21:08 UTC,2026-09-29 17:08 EDT,OK,1,
2026_04_ARI_NYG,ARI @ NYG,2026,4,2026-10-04T13:00:00-04:00,1.4,45.3,,,1,,26.2,-0.0451,-0.1245,2026-09-29 21:08 UTC,2026-09-29 17:08 EDT,OK,1,
2026_04_LA_PHI,LA @ PHI,2026,4,2026-10-04T13:00:00-04:00,-3.2,46.3,,,1,,-18.2,-0.1281,0.0721,2026-09-29 21:08 UTC,2026-09-29 17:08 EDT,OK,1,
2026_04_GB_TB,GB @ TB,2026,4,2026-10-04T13:00:00-04:00,1.6,44.3,,,1,,-47.2,-0.0679,-0.1331,2026-09-29 21:08 UTC,2026-09-29 17:08 EDT,OK,1,
2026_04_MIA_MIN,MIA @ MIN,2026,4,2026-10-04T16:05:00-04:00,10.0,41.1,,,1,,219.1,-0.0216,-0.3304,2026-09-29 21:08 UTC,2026-09-29 17:08 EDT,OK,1,
2026_04_KC_LV,KC @ LV,2026,4,2026-10-04T16:25:00-04:00,-5.9,44.7,,,1,,-128.8,-0.1203,-0.0286,2026-09-29 21:08 UTC,2026-09-29 17:08 EDT,OK,1,
2026_04_LAC_SEA,LAC @ SEA,2026,4,2026-10-04T16:25:00-04:00,10.3,43.6,,,1,,231.4,0.1835,-0.1151,2026-09-29 21:08 UTC,2026-09-29 17:08 EDT,OK,1,
2026_04_DEN_SF,DEN @ SF,2026,4,2026-10-04T16:25:00-04:00,4.6,52.3,,,1,,9.4,0.2637,0.0432,2026-09-29 21:08 UTC,2026-09-29 17:08 EDT,OK,1,
2026_04_DET_CAR,DET @ CAR,2026,4,2026-10-04T20:20:00-04:00,-4.0,51.5,,,1,,-130.3,-0.0973,-0.1212,2026-09-29 21:08 UTC,2026-09-29 17:08 EDT,OK,1,
2026_04_ATL_NO,ATL @ NO,2026,4,2026-10-05T20:15:00-04:00,-0.9,45.2,,,1,,-21.7,0.0648,0.0236,2026-09-29 21:08 UTC,2026-09-29 17:08 EDT,OK,1,
