season_et,nfl_week,date_published,human_date_raw,parsely_pub_date,headline,url
2018,6.0,2018-10-14T11:32:29Z,"Published October 14, 2018 07:32 AM",2018-10-14T11:32:29.000Z,Week Six early inactives,https://www.nbcsports.com/nfl/profootballtalk/rumor-mill/news/week-six-early-inactives-8
2018,10.0,2018-11-08T15:58:42Z,"Published November 8, 2018 10:58 AM",2018-11-08T15:58:42.000Z,Mike Daniels added to Packers injury report,https://www.nbcsports.com/nfl/profootballtalk/rumor-mill/news/mike-daniels-added-to-packers-injury-report
2018,4.0,2018-09-30T08:49:48Z,"Published September 30, 2018 04:49 AM",2018-09-30T08:49:48.000Z,Illness leaves Alshon Jeffery as game-time decision,https://www.nbcsports.com/nfl/profootballtalk/rumor-mill/news/illness-leaves-alshon-jeffery-as-game-time-decision
2018,9.0,2018-10-31T18:51:17Z,"Published October 31, 2018 02:51 PM",2018-10-31T18:51:17.000Z,Aaron Rodgers limited in practice due to knee injury,https://www.nbcsports.com/nfl/profootballtalk/rumor-mill/news/aaron-rodgers-limited-in-practice-due-to-knee-injury
2018,16.0,2018-12-20T11:51:13Z,"Published December 20, 2018 06:51 AM",2018-12-20T11:51:13.000Z,"Panthers put Shaq Thompson on IR, promote Kyle Allen",https://www.nbcsports.com/nfl/profootballtalk/rumor-mill/news/panthers-put-shaq-thompson-on-ir-promote-kyle-allen
2018,2.0,2018-09-12T15:25:33Z,"Published September 12, 2018 11:25 AM",2018-09-12T15:25:33.000Z,"Trai Turner in concussion protocol, adding to Panthers line woes",https://www.nbcsports.com/nfl/profootballtalk/rumor-mill/news/trai-turner-in-concussion-protocol-adding-to-panthers-line-woes
2018,3.0,2018-09-20T16:36:04Z,"Published September 20, 2018 12:36 PM",2018-09-20T16:36:04.000Z,Christian Kirk out of practice after being rear-ended on highway Wednesday,https://www.nbcsports.com/nfl/profootballtalk/rumor-mill/news/christian-kirk-out-of-practice-after-being-rear-ended-on-highway-wednesday
2018,4.0,2018-09-30T14:44:34Z,"Published September 30, 2018 10:44 AM",2018-09-30T14:44:34.000Z,"Leonard Fournette, Brandon Linder ruled out for Jaguars",https://www.nbcsports.com/nfl/profootballtalk/rumor-mill/news/leonard-fournette-brandon-linder-ruled-out-for-jaguars
2018,15.0,2018-12-12T15:27:59Z,"Published December 12, 2018 10:27 AM",2018-12-12T15:27:59.000Z,"Tyreek Hill questionable, Spencer Ware doubtful for Thursday night",https://www.nbcsports.com/nfl/profootballtalk/rumor-mill/news/tyreek-hill-questionable-spencer-ware-doubtful-for-thursday-night
2018,8.0,2018-10-28T07:52:32Z,"Published October 28, 2018 03:52 AM",2018-10-28T07:52:32.000Z,"Allen Robinson not expected to play, Khalil Mack a game-time call",https://www.nbcsports.com/nfl/profootballtalk/rumor-mill/news/allen-robinson-not-expected-to-play-khalil-mack-a-game-time-call
2019,4.0,2019-09-25T15:21:31Z,"Published September 25, 2019 11:21 AM",2019-09-25T15:21:31.000Z,Josh Rosen dealing with minor elbow injury,https://www.nbcsports.com/nfl/profootballtalk/rumor-mill/news/josh-rosen-dealing-with-minor-elbow-injury
2019,17.0,2019-12-27T09:01:26Z,"Published December 27, 2019 04:01 AM",2019-12-27T09:01:26.000Z,Antonio Brown working out for Saints,https://www.nbcsports.com/nfl/profootballtalk/rumor-mill/news/antonio-brown-working-out-for-saints
2019,3.0,2019-09-18T12:02:14Z,"Published September 18, 2019 08:02 AM",2019-09-18T12:02:14.000Z,C.J. Mosley remains out of Jets practice,https://www.nbcsports.com/nfl/profootballtalk/rumor-mill/news/c-j-mosley-remains-out-of-jets-practice
2019,1.0,2019-09-06T15:04:15Z,"Published September 6, 2019 11:04 AM",2019-09-06T15:04:15.000Z,"Mike Evans out sick Friday, Bucs hopeful for Sunday",https://www.nbcsports.com/nfl/profootballtalk/rumor-mill/news/mike-evans-out-sick-friday-bucs-hopeful-for-sunday
2019,15.0,2019-12-15T15:25:59Z,"Published December 15, 2019 10:25 AM",2019-12-15T15:25:59.000Z,Bucs lose Chris Godwin to hamstring injury,https://www.nbcsports.com/nfl/profootballtalk/rumor-mill/news/bucs-lose-chris-godwin-to-leg-injury
2019,13.0,2019-11-27T11:28:43Z,"Published November 27, 2019 06:28 AM",2019-11-27T11:28:43.000Z,Jakeem Grant heads to injured reserve,https://www.nbcsports.com/nfl/profootballtalk/rumor-mill/news/jakeem-grant-heads-to-injured-reserve
2019,9.0,2019-10-29T14:34:59Z,"Published October 29, 2019 10:34 AM",2019-10-29T14:34:59.000Z,Report: Xavien Howard headed for injured reserve,https://www.nbcsports.com/nfl/profootballtalk/rumor-mill/news/report-xavien-howard-headed-for-injured-reserve
2019,9.0,2019-11-03T11:54:31Z,"Published November 3, 2019 06:54 AM",2019-11-03T11:54:31.000Z,"DeSean Jackson active, Sidney Jones scratched for Eagles",https://www.nbcsports.com/nfl/profootballtalk/rumor-mill/news/desean-jackson-active-sidney-jones-scratched-for-eagles
2019,14.0,2019-12-03T23:19:02Z,"Published December 3, 2019 06:19 PM",2019-12-03T23:19:02.000Z,Report: 49ers to designate Kentavius Street to return from injured reserve,https://www.nbcsports.com/nfl/profootballtalk/rumor-mill/news/report-49ers-to-designate-kentavius-street-to-return-from-injured-reserve
2019,16.0,2019-12-22T15:03:20Z,"Published December 22, 2019 10:03 AM",2019-12-22T15:03:20.000Z,"Jadeveon Clowney, Quandre Diggs, Shaquill Griffin out for Seahawks",https://www.nbcsports.com/nfl/profootballtalk/rumor-mill/news/jadeveon-clowney-quandre-diggs-shaquill-griffin-out-for-seahawks
2020,2.0,"September 20, 2020","September 20, 2020, 6:15 PM EDT",,Brandon Scherff out with knee injury,https://www.nbcsports.com/nfl/profootballtalk/rumor-mill/news/brandon-scherff-out-with-knee-injury
2020,2.0,"September 18, 2020","September 18, 2020, 4:01 PM EDT",,"Derek Barnett, Brandon Graham questionable for Eagles",https://www.nbcsports.com/nfl/profootballtalk/rumor-mill/news/derek-barnett-brandon-graham-questionable-for-eagles
2020,15.0,2020-12-18T10:09:33Z,"Published December 18, 2020 05:09 AM",2020-12-18T10:09:33.000Z,Julio Jones out for Sunday,https://www.nbcsports.com/nfl/profootballtalk/rumor-mill/news/julio-jones-out-for-sunday
2020,8.0,2020-10-28T15:58:00Z,"Published October 28, 2020 11:58 AM",2020-10-28T15:58:00.000Z,"John Brown returns to practice, Jerry Hughes sits out",https://www.nbcsports.com/nfl/profootballtalk/rumor-mill/news/john-brown-returns-to-practice-jerry-hughes-sits-out
2020,12.0,2020-11-24T10:29:38Z,"Published November 24, 2020 05:29 AM",2020-11-24T10:29:38.000Z,"Derrick Henry, Dalvin Cook neck and neck for NFL rushing lead",https://www.nbcsports.com/nfl/profootballtalk/rumor-mill/news/derrick-henry-dalvin-cook-neck-and-neck-for-nfl-rushing-lead
2020,9.0,2020-11-04T14:50:35Z,"Published November 4, 2020 09:50 AM",2020-11-04T14:50:35.000Z,Mitch Trubisky hurt his shoulder on his one and only snap on Sunday,https://www.nbcsports.com/nfl/profootballtalk/rumor-mill/news/mitch-trubisky-hurt-his-shoulder-on-his-one-and-only-snap-on-sunday
2020,17.0,2020-12-30T11:28:01Z,"Published December 30, 2020 06:28 AM",2020-12-30T11:28:01.000Z,"Browns close facility after player, staff member test positive for COVID-19",https://www.nbcsports.com/nfl/profootballtalk/rumor-mill/news/browns-close-facility-after-player-staff-member-test-positive-for-covid-19
2020,8.0,2020-10-29T13:12:27Z,"Published October 29, 2020 09:12 AM",2020-10-29T13:12:27.000Z,Report: Julian Edelman to miss time with knee injury,https://www.nbcsports.com/nfl/profootballtalk/rumor-mill/news/report-julian-edelman-to-miss-time-with-knee-injury
2020,15.0,2020-12-16T16:28:34Z,"Published December 16, 2020 11:28 AM",2020-12-16T16:28:34.000Z,Colts place Ibraheim Campbell on COVID-19 reserve list,https://www.nbcsports.com/nfl/profootballtalk/rumor-mill/news/colts-place-ibraheim-campbell-on-covid-19-reserve-list
2020,12.0,2020-11-26T12:47:56Z,"Published November 26, 2020 07:47 AM",2020-11-26T12:47:56.000Z,"Broncos put Jeff Driskel on COVID list, rest of team cleared to practice",https://www.nbcsports.com/nfl/profootballtalk/rumor-mill/news/broncos-put-jeff-driskel-on-covid-list-rest-of-team-cleared-to-practice
2021,1.0,2021-09-09T16:38:55Z,"Published September 9, 2021 12:38 PM",2021-09-09T16:38:55.000Z,"Nelson Agholor, Jalen Mills out of practice for Patriots Thursday",https://www.nbcsports.com/nfl/profootballtalk/rumor-mill/news/nelson-agholor-jalen-mills-out-of-practice-for-patriots-thursday
2021,18.0,"January 7, 2022","January 7, 2022, 3:12 PM EST",,Kyle Pitts questionable with hamstring injury,https://www.nbcsports.com/nfl/profootballtalk/rumor-mill/news/kyle-pitts-questionable-with-hamstring-injury
2021,2.0,2021-09-19T14:45:26Z,"Published September 19, 2021 10:45 AM",2021-09-19T14:45:26.000Z,Tyrod Taylor out with hamstring injury,https://www.nbcsports.com/nfl/profootballtalk/rumor-mill/news/tyrod-taylor-out-with-hamstring-injury
2021,2.0,2021-09-14T12:25:51Z,"Published September 14, 2021 08:25 AM",2021-09-14T12:25:51.000Z,Navy assistant coach let go for refusing COVID-19 vaccine,https://www.nbcsports.com/nfl/profootballtalk/rumor-mill/news/navy-assistant-coach-let-go-for-refusing-covid-19-vaccine
2021,11.0,2021-11-18T10:11:24Z,"Published November 18, 2021 05:11 AM",2021-11-18T10:11:24.000Z,Bengals activate Markus Bailey off COVID-19 list,https://www.nbcsports.com/nfl/profootballtalk/rumor-mill/news/bengals-activate-markus-bailey-off-covid-19-list
2021,15.0,"December 19, 2021","December 19, 2021, 11:47 AM EST",,Wyatt Teller coming off COVID-19 reserve list,https://www.nbcsports.com/nfl/profootballtalk/rumor-mill/news/wyatt-teller-coming-off-covid-19-reserve-list
2021,8.0,2021-10-27T13:31:06Z,"Published October 27, 2021 09:31 AM",2021-10-27T13:31:06.000Z,Antonio Brown remains out indefinitely with sprained ankle,https://www.nbcsports.com/nfl/profootballtalk/rumor-mill/news/antonio-brown-remains-out-indefinitely-with-sprained-ankle
2021,2.0,2021-09-17T07:02:19Z,"Published September 17, 2021 03:02 AM",2021-09-17T07:02:19.000Z,Packers without DL coach Jerry Montgomery after positive COVID test,https://www.nbcsports.com/nfl/profootballtalk/rumor-mill/news/packers-without-dl-coach-jerry-montgomery-after-positive-covid-test
2021,14.0,"December 11, 2021","December 11, 2021, 3:54 PM EST",,Rams place Darrell Henderson on COVID-19 reserve list,https://www.nbcsports.com/nfl/profootballtalk/rumor-mill/news/rams-place-darrell-henderson-on-covid-19-reserve-list
2021,4.0,2021-09-29T17:19:05Z,"Published September 29, 2021 01:19 PM",2021-09-29T17:19:05.000Z,"Josh Lambo, Roy Robertson-Harris out for Jaguars Thursday",https://www.nbcsports.com/nfl/profootballtalk/rumor-mill/news/josh-lambo-roy-robertson-harris-out-for-jaguars-thursday
2022,1.0,"September 11, 2022","September 11, 2022, 11:41 PM EDT",,Dak Prescott needs surgery on joint above thumb in his right hand,https://www.nbcsports.com/nfl/profootballtalk/rumor-mill/news/dak-prescott-needs-surgery-on-joint-above-thumb-in-his-right-hand
2022,9.0,"November 2, 2022","November 2, 2022, 5:31 PM EDT",,"Cardinals claim Trysten Hill off waivers, place Darrel Williams on IR",https://www.nbcsports.com/nfl/profootballtalk/rumor-mill/news/cardinals-claim-trysten-hill-off-waivers-place-darrel-williams-on-ir
2022,7.0,"October 23, 2022","October 23, 2022, 1:38 PM EDT",,Amon-Ra St. Brown ruled out with a concussion,https://www.nbcsports.com/nfl/profootballtalk/rumor-mill/news/amon-ra-st-brown-ruled-out-with-a-concussion
2022,12.0,"November 23, 2022","November 23, 2022, 12:58 PM EST",,"Clyde Edwards-Helaire goes on IR, JuJu Smith-Schuster returns to practice",https://www.nbcsports.com/nfl/profootballtalk/rumor-mill/news/clyde-edwards-helaire-goes-on-ir-juju-smith-schuster-returns-to-practice
2022,16.0,"December 22, 2022","December 22, 2022, 2:34 PM EST",,"Ed Oliver out of practice Thursday, questionable for Saturday",https://www.nbcsports.com/nfl/profootballtalk/rumor-mill/news/ed-oliver-out-of-practice-thursday-questionable-for-sunday
2022,3.0,"September 25, 2022","September 25, 2022, 6:38 PM EDT",,Robert Saleh confirms Jets expect Zach Wilson to be cleared this week,https://www.nbcsports.com/nfl/profootballtalk/rumor-mill/news/robert-saleh-confirms-jets-expect-zach-wilson-to-be-cleared-this-week
2022,15.0,"December 17, 2022","December 17, 2022, 1:25 PM EST",,Colts return blocked punt for touchdown; Jonathan Taylor questionable to return with ankle injury,https://www.nbcsports.com/nfl/profootballtalk/rumor-mill/news/colts-return-blocked-punt-for-touchdown-jonathan-taylor-questionable-to-return-with-ankle-injury
2022,7.0,"October 20, 2022","October 20, 2022, 3:14 PM EDT",,Damontae Kazee designated for return from injured reserve,https://www.nbcsports.com/nfl/profootballtalk/rumor-mill/news/damontae-kazee-designated-for-return-from-injured-reserve
2022,7.0,"October 19, 2022","October 19, 2022, 5:32 PM EDT",,Lamar Jackson limited at Wednesday’s practice with a hip injury,https://www.nbcsports.com/nfl/profootballtalk/rumor-mill/news/lamar-jackson-limited-at-wednesdays-practice-with-a-hip-injury
2022,16.0,"December 20, 2022","December 20, 2022, 3:27 PM EST",,"Falcons place Caleb Huntley on injured reserve, sign David Anenih",https://www.nbcsports.com/nfl/profootballtalk/rumor-mill/news/falcons-place-caleb-huntley-on-injured-reserve-sign-david-anenih
