season_et,nfl_week,n
2018,1.0,77
2018,2.0,80
2018,3.0,62
2018,4.0,79
2018,5.0,73
2018,6.0,73
2018,7.0,80
2018,8.0,76
2018,9.0,70
2018,10.0,56
2018,11.0,72
2018,12.0,75
2018,13.0,64
2018,14.0,71
2018,15.0,80
2018,16.0,91
2018,17.0,73
2019,1.0,65
2019,2.0,91
2019,3.0,88
2019,4.0,83
2019,5.0,87
2019,6.0,87
2019,7.0,88
2019,8.0,82
2019,9.0,85
2019,10.0,90
2019,11.0,75
2019,12.0,68
2019,13.0,76
2019,14.0,90
2019,15.0,87
2019,16.0,88
2019,17.0,71
2020,1.0,105
2020,2.0,120
2020,3.0,107
2020,4.0,112
2020,5.0,108
2020,6.0,107
2020,7.0,108
2020,8.0,122
2020,9.0,116
2020,10.0,112
2020,11.0,116
2020,12.0,139
2020,13.0,132
2020,14.0,134
2020,15.0,143
2020,16.0,121
2020,17.0,132
2021,1.0,101
2021,2.0,115
2021,3.0,127
2021,4.0,119
2021,5.0,120
2021,6.0,131
2021,7.0,106
2021,8.0,118
2021,9.0,123
2021,10.0,118
2021,11.0,122
2021,12.0,101
2021,13.0,129
2021,14.0,126
2021,15.0,163
2021,16.0,173
2021,17.0,146
2021,18.0,112
2022,1.0,95
2022,2.0,109
2022,3.0,110
2022,4.0,121
2022,5.0,131
2022,6.0,114
2022,7.0,120
2022,8.0,101
2022,9.0,75
2022,10.0,90
2022,11.0,96
2022,12.0,97
2022,13.0,112
2022,14.0,115
2022,15.0,104
2022,16.0,100
2022,17.0,80
