feature_name,source,historical_start,historical_end,as_of_timestamp_available,prediction_cutoff,leakage_risk,historical_reconstructable,included_primary_experiment,reason_if_excluded
ctx_team_off_epa,data/games_with_ratings.parquet (scripts/03_ratings.py; nflverse pbp),2018,2025,pre-week rating: attached before the week's games are folded in (verified in 03_ratings.py); week-1 offseason regression applied,Friday 18:00 America/Chicago of game week,LOW,YES,YES,
ctx_team_off_pass_epa,data/games_with_ratings.parquet (scripts/03_ratings.py; nflverse pbp),2018,2025,"pre-week rating, strictly prior weeks",Friday 18:00 America/Chicago of game week,LOW,YES,YES,
ctx_team_off_rush_epa,data/games_with_ratings.parquet (scripts/03_ratings.py; nflverse pbp),2018,2025,"pre-week rating, strictly prior weeks",Friday 18:00 America/Chicago of game week,LOW,YES,YES,
ctx_team_off_sr,data/games_with_ratings.parquet (scripts/03_ratings.py; nflverse pbp),2018,2025,"pre-week rating, strictly prior weeks",Friday 18:00 America/Chicago of game week,LOW,YES,YES,
ctx_elo_adv,data/games_with_ratings.parquet (scripts/03_ratings.py ELO walk-forward),2018,2025,pre-week ELO (team ELO minus opponent ELO); current-week Thursday games not folded in (conservative),Friday 18:00 America/Chicago of game week,LOW,YES,YES,
oppd_def_epa,data/games_with_ratings.parquet (scripts/03_ratings.py; nflverse pbp),2018,2025,"opponent pre-week defensive EPA/play, strictly prior weeks",Friday 18:00 America/Chicago of game week,LOW,YES,YES,
oppd_def_pass_epa,data/games_with_ratings.parquet (scripts/03_ratings.py; nflverse pbp),2018,2025,opponent pre-week defensive pass EPA/play,Friday 18:00 America/Chicago of game week,LOW,YES,YES,
oppd_def_rush_epa,data/games_with_ratings.parquet (scripts/03_ratings.py; nflverse pbp),2018,2025,opponent pre-week defensive rush EPA/play,Friday 18:00 America/Chicago of game week,LOW,YES,YES,
oppd_def_sr,data/games_with_ratings.parquet (scripts/03_ratings.py; nflverse pbp),2018,2025,opponent pre-week defensive success rate,Friday 18:00 America/Chicago of game week,LOW,YES,YES,
envs_dome,data/schedules_2018_2025.parquet (nflverse schedules: roof),2018,2025,"static venue attribute (roof in {dome, closed}); pre-known",Friday 18:00 America/Chicago of game week,LOW,YES,YES,
envs_team_pts_trail,data/schedules_2018_2025.parquet scores,2018,2025,"trailing EWMA of points scored; completed games only, strictly prior weeks",Friday 18:00 America/Chicago of game week,LOW,YES,YES,
envs_opp_pts_allowed_trail,data/schedules_2018_2025.parquet scores,2018,2025,trailing EWMA of opponent points allowed; completed games only,Friday 18:00 America/Chicago of game week,LOW,YES,YES,
envf_days_rest,data/schedules_2018_2025.parquet (gameday dates),2018,2025,days since team's last completed game; schedule pre-known,Friday 18:00 America/Chicago of game week,LOW,YES,YES,
envf_rest_diff,data/schedules_2018_2025.parquet,2018,2025,team days rest minus opponent days rest; pre-known,Friday 18:00 America/Chicago of game week,LOW,YES,YES,
envf_short_week,data/schedules_2018_2025.parquet,2018,2025,1 if days_rest <= 5; pre-known,Friday 18:00 America/Chicago of game week,LOW,YES,YES,
envf_long_rest,data/schedules_2018_2025.parquet,2018,2025,1 if days_rest >= 10; pre-known,Friday 18:00 America/Chicago of game week,LOW,YES,YES,
envf_div_game,data/schedules_2018_2025.parquet (div_game),2018,2025,static schedule attribute; pre-known,Friday 18:00 America/Chicago of game week,LOW,YES,YES,
pace_team_plays,nflverse pbp (data/pbp_YYYY.parquet) team-game aggregates,2018,2025,trailing EWMA of offensive plays/game; completed games only,Friday 18:00 America/Chicago of game week,LOW,YES,YES,
pace_combined,nflverse pbp team-game aggregates,2018,2025,(team trailing plays/gm + opponent trailing plays allowed/gm)/2; completed games only,Friday 18:00 America/Chicago of game week,LOW,YES,YES,
pace_neutral_pass_rate,"nflverse pbp (quarters 1-3, score diff within 10)",2018,2025,trailing neutral-situation pass rate; completed games only,Friday 18:00 America/Chicago of game week,LOW,YES,YES,
opp2_snap_pct,"nflverse snap counts (data/v2/raw/snap_counts_YYYY.csv, official nflverse-data release)",2018,2025,"trailing EWMA of weekly offense_pct; completed weeks only; name-matched (ukey first-initial.last|team, ~95% pair match rate, collisions resolved by position)",Friday 18:00 America/Chicago of game week,LOW,YES,YES,
opp2_snap_trend,nflverse snap counts,2018,2025,mean snap share last 3 games minus trailing-16 EWMA; completed weeks only,Friday 18:00 America/Chicago of game week,LOW,YES,YES,
rq_adot,nflverse pbp (air_yards),2018,2025,trailing air_yards/targets; completed games only,Friday 18:00 America/Chicago of game week,LOW,YES,YES,
rq_yac_per_rec,nflverse pbp (yards_after_catch),2018,2025,trailing yac/receptions; completed games only,Friday 18:00 America/Chicago of game week,LOW,YES,YES,
rq_drop_pct,PFR advstats via nflverse release (data/v2/raw/advstats_week_rec_*.parquet),2018,2025,"trailing receiving_drop_pct; weekly post-game release, strictly prior weeks; name-matched",Friday 18:00 America/Chicago of game week,LOW,YES,YES,
rq_broken_tackles,PFR advstats via nflverse release,2018,2025,trailing receiving_broken_tackles per game; strictly prior weeks; name-matched,Friday 18:00 America/Chicago of game week,LOW,YES,YES,
rq_ngs_separation,NFL Next Gen Stats via nfl_data_py (pulled 2026-09-30),2018,2024,"trailing avg_separation; weekly post-game release, strictly prior weeks; matched on gsis_id/display name",Friday 18:00 America/Chicago of game week,LOW,YES,YES,
rq_ngs_xYAC,NFL Next Gen Stats via nfl_data_py,2018,2024,trailing avg_expected_yac; strictly prior weeks,Friday 18:00 America/Chicago of game week,LOW,YES,YES,
ruq_ybc_per_att,PFR advstats via nflverse release (advstats_week_rush),2018,2025,trailing rushing_yards_before_contact_avg; strictly prior weeks; name-matched,Friday 18:00 America/Chicago of game week,LOW,YES,YES,
ruq_yac_per_att,PFR advstats via nflverse release,2018,2025,trailing rushing_yards_after_contact_avg; strictly prior weeks,Friday 18:00 America/Chicago of game week,LOW,YES,YES,
ruq_broken_tackles,PFR advstats via nflverse release,2018,2025,trailing rushing_broken_tackles per game; strictly prior weeks,Friday 18:00 America/Chicago of game week,LOW,YES,YES,
ruq_explosive_rate,nflverse pbp (play-level rush yards),2018,2025,trailing share of carries >= 10 yards; completed games only,Friday 18:00 America/Chicago of game week,LOW,YES,YES,
ruq_stuff_rate,nflverse pbp,2018,2025,trailing share of carries <= 1 yard; completed games only,Friday 18:00 America/Chicago of game week,LOW,YES,YES,
ruq_goal_line_carries,nflverse pbp (yardline_100),2018,2025,trailing carries with yardline_100 <= 5 per game; completed games only,Friday 18:00 America/Chicago of game week,LOW,YES,YES,
qb_epa_trail,nflverse pbp; expected-starter reconstruction (§5 protocol),2018,2025,"trailing EPA/play of expected starter (most attempts trailing 4 team games, injury-adjusted as of Friday 18:00 CT); min 50 att else 50/50 league blend; ACTUAL starter never used",Friday 18:00 America/Chicago of game week,MEDIUM,YES (documented algorithm),YES,
qb_cpoe_trail,nflverse pbp (cpoe),2018,2025,trailing CPOE of expected starter; completed games only,Friday 18:00 America/Chicago of game week,MEDIUM,YES (documented algorithm),YES,
qb_adot_trail,nflverse pbp (air_yards),2018,2025,trailing air_yards/attempt of expected starter,Friday 18:00 America/Chicago of game week,MEDIUM,YES (documented algorithm),YES,
qb_pressure_trail,PFR advstats via nflverse release,2018,2025,trailing times_pressured_pct of expected starter; name-matched,Friday 18:00 America/Chicago of game week,MEDIUM,YES (documented algorithm),YES,
qb_changed,pbp attempts + injury as-of (see qb_epa_trail),2018,2025,1 if expected starter != trailing-4-game primary QB; pre-cutoff reconstruction,Friday 18:00 America/Chicago of game week,MEDIUM,YES (documented algorithm),YES,
ol_team_pressure_allowed,"PFR advstats via nflverse release (advstats_week_pass, team-aggregated)",2018,2025,trailing times_pressured_pct of team's QBs; strictly prior weeks,Friday 18:00 America/Chicago of game week,LOW,YES,YES,
ol_opp_sack_rate,nflverse pbp,2018,2025,trailing opponent sacks per opponent pass attempt faced; completed games only,Friday 18:00 America/Chicago of game week,LOW,YES,YES,
inj_player_status,nflverse injury reports (data/v2/raw/injuries_YYYY.csv),2018,2025,as-of Friday 18:00 CT: latest row per player with date_modified <= cutoff; 0=unlisted/full 1=Q 2=D 3=Out,Friday 18:00 America/Chicago of game week,MEDIUM,YES,YES,
inj_team_out_share,nflverse injury reports + snap counts,2018,2025,share of team trailing-4-week offensive snaps from players as-of Out/Doubtful; feed-available info only,Friday 18:00 America/Chicago of game week,MEDIUM,YES,YES,
inj_ol_out,nflverse injury reports,2018,2025,count of OL (T/G/C) as-of Out/Doubtful at Friday 18:00 CT,Friday 18:00 America/Chicago of game week,MEDIUM,YES,YES,
exp_career_games,data/player_games.parquet history,2018,2026,career regular-season games played before this game; strictly prior,Friday 18:00 America/Chicago of game week,LOW,YES,YES,
exp_rookie,data/player_games.parquet history,2018,2026,1 if first NFL season in data,Friday 18:00 America/Chicago of game week,LOW,YES,YES,
exp_second_year,data/player_games.parquet history,2018,2026,1 if second NFL season in data,Friday 18:00 America/Chicago of game week,LOW,YES,YES,
rec2_yards_hl1,nflverse pbp (same as baseline yards),2018,2025,trailing yards EWMA half-life 1; completed games only,Friday 18:00 America/Chicago of game week,LOW,YES,YES,
rec2_yards_hl8,nflverse pbp,2018,2025,trailing yards EWMA half-life 8; completed games only,Friday 18:00 America/Chicago of game week,LOW,YES,YES,
rec2_opp_hl1,nflverse pbp,2018,2025,trailing opportunity (targets/carries/attempts per market) EWMA half-life 1,Friday 18:00 America/Chicago of game week,LOW,YES,YES,
xq_xYpt,"nflverse pbp (air_yards, xyac_mean_yardage)",2018,2025,trailing EWMA of (air_yards + xyac_mean_yardage)/target; receiving market only (0 otherwise); completed games only,Friday 18:00 America/Chicago of game week,LOW,YES,YES,
(excluded) spread_line/total_line/implied (new use),data/schedules_2018_2025.parquet (nflverse closing lines),2018,2025,CLOSING lines — not available at Friday 18:00 CT,Friday 18:00 America/Chicago of game week,HIGH,NO (no Friday-line history),NO,Closing lines postdate the prediction cutoff; using them would leak. Baseline Model 0 retains its 001 feature set (frozen).
(excluded) route_participation,none local,n/a,n/a,n/a,Friday 18:00 America/Chicago of game week,HIGH,NO,NO,No local source (nflverse participation not pulled; would need new pull).
(excluded) coverage_man_zone / WR_vs_CB,FTN charting via nflverse (not local),2022,2025,2022+ only — insufficient history for train (2018-2020),Friday 18:00 America/Chicago of game week,HIGH,PARTIAL (2022+),NO,Train/dev need 2018-2022; FTN starts 2022. Fragile matchup modeling deferred.
(excluded) weather_temp/wind/precip,nflverse schedules temp/wind (game-time observations),2018,2025,game-time observations only — leak actual conditions,Friday 18:00 America/Chicago of game week,HIGH,NO,NO,No forecast-at-cutoff historically; game-time obs would leak. Dome indicator included instead.
(excluded) depth_chart_position (historical),data/prod_aux_depth_charts.parquet,2026,2026,2026 only,Friday 18:00 America/Chicago of game week,HIGH,NO,NO,Local depth charts cover 2026 only; no 2018-2024 history.
(excluded) travel_timezone,would need venue coordinates,n/a,n/a,n/a,Friday 18:00 America/Chicago of game week,LOW,YES but marginal,NO,Marginal expected value; build not justified. Rest-day features cover fatigue.
(excluded) PFT/news features,experiments/information_frontier_audit/pft_corpus,n/a,n/a,n/a,Friday 18:00 America/Chicago of game week,HIGH,n/a,NO,"Standing rule: PFT/news is a separate branch, never in the player model."
(excluded) historical_prop_lines,none,n/a,n/a,n/a,Friday 18:00 America/Chicago of game week,HIGH,NO,NO,No historical prop lines exist at any timestamp.
