feature,why_it_could_matter,source,historical_availability,earliest_season,timestamp_availability,leakage_risk,reconstructable,worth_testing,test_status_evidence
QB EPA/play and QB-form features (CPOE/QBR/efficiency),QB is the highest-leverage single player; market prices QB news fast,nflverse PBP,1999+,1999,weekly batches pre-week,low — weekly aggregates,yes,no — convergent null,"TESTED NULL: v2 (QB EPA/play + wind) failed walk-forward; howlscastle97 per-QB EPA/dropback held-out -0.0002; colemason6524 QB delta + CPOE -0.02 MAE; wadefuller ESPN QBR 0/4 metrics. Four independent nulls — do not re-run."
Historical QB value (career QB EPA),Cheaper teams start worse QBs; persistent QB quality,V2-C / nflverse,1999+,1999,weekly,low,yes,no — tested null,"TESTED NULL: V2-C (historical QB value) significantly worse than V1 on 2021–2022 (10.395 vs 10.059), froze at max shrinkage."
Non-QB player availability (Out/Doubtful/Questionable by position),Who-is-playing vs how-team-played; V1 blind to it,nflverse load_injuries(),2009–2025 (verified),2009,date_modified UTC per row (median 28.3h pre-kickoff),low under hard cutoff rule,yes — cutoff date_modified < Fri 12:00 ET,no — tested null,"TESTED NULL: Experiment 005 — candidate 10.077 vs V1 10.042 (worse); error corr 0.985; coefficients flip sign across folds."
Full-roster injury adjustment,Injuries beyond QB could move team strength,preregistered candidates A–E,2018–2022 dev,2018,weekly,medium,yes,no — tested null,"TESTED NULL: Phase 2 — candidates failed development selection; locked test not opened. Verdict recorded 2026-09-30."
Opponent-adjusted EPA,Raw EPA overstates edge vs familiar defenses,nflverse PBP (16-game opp adjustment),1999+,1999,weekly pre-week,low,yes,no — tested null,"TESTED NULL: Experiment 002 phase 2 — failed gate (candidate did not beat V1)."
Dynamic offensive/defensive strength (time-varying),Team strength evolves within season,nflverse PBP,1999+,1999,weekly,low,yes,no — tested null,"TESTED NULL: Experiment 003 — 0.985 error correlation with V1; null."
Offensive strategy (PROE/early-down pass rate/pace),How-teams-play vs how-efficiently; V1's most absent dimension,nflverse PBP (xpass),1999+,1999,weekly pre-week,low,yes,no — tested null,"TESTED NULL: Experiment 007 — V1+strategy 10.157 vs V1 10.042 (worse); error corr 0.995, highest of any experiment."
Pressure/explosiveness/possession (V2-D),Trench process and tail outcomes vs mean EPA,nflverse + PFR advstats,2018+,2018,weekly (PFR Tue lag),low-medium,yes,no — tested null,"TESTED NULL: V2-D significantly worse than V1 (10.673 vs 10.059) on 2021–2022."
Matchup/interaction features (V2-B),Specific unit-vs-unit advantages,nflverse PBP,1999+,1999,weekly,low,yes,no — tested null,"TESTED NULL: V2-B significantly worse than V1 (10.573 vs 10.059)."
Wind/weather on spreads,Late-week weather moves game scripts,nflverse schedules + research,1999+,1999,game-time only (forecast vintage untested),high if game-time used,partial,no — tested null,"TESTED NULL: v2 wind finding was totals-only; totals never bet. Spreads null."
Market-residual linear modeling,Predict market error instead of margin,nflverse spread snapshot,2018+,2018,undated single snapshot,high — proxy bakes in line movement,partial,no — tested null,"TESTED NULL: Experiment 001 — market-only (residual=0) beat every ridge variant on validation; vault untouched by design."
Distributional/variance modeling (008),Error scale may be predictable,nflverse PBP,1999+,1999,weekly,low,yes,no — tested null,"TESTED NULL: Experiment 008 — game-level error scale unpredictable from pregame info (corr 0.055); variance modeling hurt."
Luck-stripping (fumble recovery neutralization),Remove luck from team strength,dgrifka split-half 2761 games,1999+,1999,season aggregates,medium,yes,no — externally null,"TESTED NULL (external): fumble recovery has zero team skill yet neutralizing it improved nothing out-of-sample."
PFR advanced (air yards/ADOT/YAC/broken tackles),Distinguish target quality and tackle-breaking,PFR advstats weekly,2018+,2018,weekly with Tuesday publication lag,medium,yes,no — tested null,"TESTED NULL: used in V2 feature set (Tuesday lag); V2-A–D all lost to V1."
Market anchoring (V1 + pregame market blend),Does V1 add anything beyond the market snapshot?,nflverse spread snapshot,2018+,2018,undated single snapshot,medium — timestamp unknown,yes (diagnostic),no — tested null (009),"TESTED NULL (009): optimal blend w*=0.15 on V1; blend 9.7583 vs market 9.7445 on locked 2023–25 (delta -0.014, CI includes zero). V1 adds no validated incremental information."
Training-window variants (rolling/expanding),2018–2020 may be unnecessarily restrictive,project ratings pipeline,2018+,2018,weekly,low,yes,no — tested null (009),"TESTED NULL (009): rolling-2/rolling-1/expanding/drop-2018 all within noise of frozen window; max |delta| 0.079 < 0.15 bar."
Home-bias correction (+1.25pt drift),Architecture audit found stable +1.3pt home drift,project residuals,2018+,2018,n/a (post-hoc),low,yes,no — immaterial (009),"DIAGNOSTIC (009): drift real and stable (+1.19 fit-2021 / +1.30 fit-2022) but correction buys only +0.045 MAE — second-order on ~13pt noise."
Explosive-play rate / EPA distribution shape,V1 sees mean and threshold but not tails,nflverse PBP,1999+,1999,weekly,low,yes,marginal — partially tested,"PARTIALLY TESTED: V2-D included explosiveness — failed. Standalone tail-shape test never run; mechanism weak given V2-D null."
PFT news-arrival timing (2018–2022),When the market learns injury news vs nflverse timestamps,PFT crawl (pilot),2018–2022,minute-res datePublished,low — as-published,yes — crawl in progress,pending verdict — do not prejudge,"PENDING SEPARATE TRACK: preregistered pilot; verdict 2026-10-01. Do not use or model here."
Sunday-morning QB news,Highest per-event leverage; V1 blind within-week,PFT corpus subset,2018–2022,minute-res via PFT,low,yes — via PFT,pending PFT verdict,"HYPOTHESIZED/RECONSTRUCTABLE: rare events; subset of row above."
Confirmed inactives (nflverse INA < kickoff-90min),Ground truth of who suits up;nflverse verified working,nflverse injuries INA token,2009+,2009,pre-kickoff only,low under hard pre-kickoff rule,yes — ~1 day effort,yes — highest untested,"HYPOTHESIZED/RECONSTRUCTABLE: not yet built. Cleanest untested candidate."
Roster/transaction changes (PFR wire),Thu–Sat moves V1 never sees,PFR transactions wire,2018+,2018,day-level (sitemap lastmod contaminated — use body dates),medium,yes,yes,"HYPOTHESIZED/RECONSTRUCTABLE: not yet built."
Weather forecast vintages (IEM MOS),Pregame forecast as actually issued,IEM MOS archives,2018+,2018,as-issued timestamps,low — as-issued,yes,marginal — weak margin mechanism,"HYPOTHESIZED/RECONSTRUCTABLE: wind is a totals story; totals never bet."
Officiating assignments,Crew tendencies (penalties/home edge),public weekly announcements,2018+,2018,weekly,low,unknown — feasibility not run,feasibility check only,"NOT ASSESSED: no audit verdict; do not assume reconstructable."
True travel burden,Schedule-derived rest is in V1; true burden is not,nflverse schedules,1999+,1999,game-level,low,partial — rest yes / burden no,marginal,"PARTIALLY ASSESSED: rest_diff already in V1/GBM; no verdict on marginal value of distance/timezone."
Public betting splits (% tickets),What the crowd is doing,SBR mirror (died Sep 2026),n/a,n/a,none — no free archive,high — post-kickoff = leakage,no — queued separate track,"HYPOTHESIZED/INACCESSIBLE: no free historical archive; needs Mon→Sun timestamped snapshots. Queued as separate audit pending PFT verdict."
Money splits (% handle — proxy NOT sharp),Where larger bets land; ticket/money divergence,Action Network PRO paywall,n/a,n/a,paywalled,—,no — queued separate track,"HYPOTHESIZED/INACCESSIBLE: ~$100/yr paywall; public money% never identifies bettors — never call it sharp money."
Line movement / open-to-close trajectory,Market's continuously updated consensus price,SBR/DonBest/Sportradar,n/a,n/a,no free source (SBR died Sep 2026),—,no — queued separate track,"HYPOTHESIZED/INACCESSIBLE: arguably the most interesting of the three; free archives perishable."
True sharp money (identified bettors),Informed flow,books do not publish,n/a,n/a,none,—,no — document only,"HYPOTHESIZED/INACCESSIBLE: may only ever be documented as a potential explanation, never measured."
X/Twitter full archive (the wire the market trades on),Fastest news arrival channel,X API,n/a,n/a,"$5k–42k/mo",—,no,"HYPOTHESIZED/INACCESSIBLE: named likely reason if the gap never closes — stated as hypothesis, never finding."
Premium player/team evaluation (PFF grades etc.),Proprietary evaluation signal,PFF paywall,n/a,n/a,paywalled,—,no,"HYPOTHESIZED/INACCESSIBLE: free-tier PFR advanced stats were used in V2 (Tuesday lag) — failed."
Day-level practice participation,Wed–Fri injury trajectory,unavailable,n/a,n/a,none — verified,—,no — dead,"DEAD: audit verified it cannot be reconstructed; do not revisit without new evidence."
Structured beat-reporter reconstruction,Local news aggregation,unavailable,n/a,n/a,none — verified,—,no — dead,"DEAD: verified in audit."
ESPN/Sleeper/FantasyPros historical APIs,Alternative data feeds,dead APIs,n/a,n/a,none — verified,—,no — dead,"DEAD: verified in audit."
Special-teams EPA edge,Hidden yardage in kicking game,dgrifka / Wharton method,1999+,1999,season,medium,partial,no — externally null,"EXTERNAL NULL: one spot per punt mixes flight+roll; kickoff return rate 0.25→0.33→0.74 across 2023–2025 (two rule breaks in two years) — structurally broken."
NGS separation/coverage matchup,Receiver-vs-coverage advantages,NGS via nflverse,2016+,2016,weekly,medium,partial — availability concerns,marginal,"UNTESTED: historical availability and leakage bigger concerns than mechanism; behind basic team/opportunity variables."
Time-varying / team-specific HFA,HFA may differ by team and era,project ELO,1999+,1999,n/a (parameter),low,yes,marginal,"UNTESTED: V1 HFA fixed at 55 ELO (~2.2pts); mechanism weak — HFA small and stable; architecture audit drift (+1.3) is bias not HFA-variation evidence."
Drive/field-position detail,Beyond EPA means, nflverse PBP,1999+,1999,weekly,low,yes,no — likely redundant,"UNTESTED: likely partially redundant with EPA; thin mechanism for incremental value."
OL/skill continuity via snap counts,Lineup stability signal,nflverse snap counts,2012+,2012,weekly,low,yes,marginal,"UNTESTED: feasible; thin evidence."
