game,model_spread,market_spread,edge,spread_pick,model_total,market_total,total_pick
CAR @ ATL,3.0,1.5,1.5,no play,45.8,44.5,no play
CIN @ HOU,1.4,2.5,-1.1,no play,44.9,47.5,no play
CLE @ TB,5.2,8.5,-3.3,CLE +8.5,44.1,40.5,no play
DET @ BUF,3.7,5.0,-1.3,no play,50.8,54.5,no play
GB @ NYJ,-3.9,-4.5,0.6,no play,47.0,45.5,no play
IND @ KC,5.2,6.5,-1.3,no play,41.6,48.5,no play
JAX @ DEN,-3.8,2.5,-6.3,JAX +2.5,48.9,43.5,no play
LV @ LAC,3.1,7.5,-4.4,LV +7.5,40.6,44.5,no play
MIA @ SF,8.2,13.0,-4.8,MIA +13.0,46.0,46.5,no play
MIN @ CHI,0.9,5.5,-4.6,MIN +5.5,47.8,48.5,no play
NO @ BAL,5.9,8.5,-2.6,no play,47.1,47.5,no play
NYG @ LA,1.9,7.5,-5.6,NYG +7.5,50.9,48.5,no play
PHI @ TEN,-7.2,-7.0,-0.2,no play,44.0,39.5,no play
PIT @ NE,4.1,5.5,-1.4,no play,42.5,42.5,no play
SEA @ ARI,-5.9,-4.5,-1.4,no play,46.5,41.5,no play
WAS @ DAL,-0.3,3.5,-3.8,WAS +3.5,51.0,50.5,no play
