player,matched_as,team,opp,market,line,projection,gap,lean,trailing_games,match_note
Jordan Love,J.Love,GB,MIN,pass_yards,235.5,199.5,-36.0,under,16,
Lamar Jackson,L.Jackson,BAL,IND,pass_yards,219.5,192.7,-26.8,under,16,
Kenneth Walker,K.Walker,KC,DEN,rush_yards,60.5,86.1,25.6,over,16,
De'Von Achane,D.Achane,MIA,LV,rush_yards,65.5,90.7,25.2,over,16,
Baker Mayfield,B.Mayfield,TB,CIN,pass_yards,229.5,208.2,-21.3,under,16,
Alec Pierce,A.Pierce,IND,BAL,receiving_yards,49.5,70.0,20.5,over,16,
Daniel Jones,D.Jones,IND,BAL,pass_yards,230.5,211.2,-19.3,under,16,
Jahmyr Gibbs,J.Gibbs,DET,NO,rush_yards,79.5,60.3,-19.2,under,16,
Justin Jefferson,J.Jefferson,MIN,GB,receiving_yards,74.5,55.8,-18.7,under,16,
C.J. Stroud,C.Stroud,HOU,BUF,pass_yards,221.5,204.1,-17.4,under,16,
Omarion Hampton,O.Hampton,LAC,ARI,rush_yards,65.5,48.2,-17.3,under,10,
Jared Goff,J.Goff,DET,NO,pass_yards,261.5,278.6,17.1,over,16,
Zay Flowers,Z.Flowers,BAL,IND,receiving_yards,65.5,79.1,13.6,over,16,
DeVonta Smith,D.Smith,PHI,WAS,receiving_yards,67.5,54.0,-13.5,under,16,
Mark Andrews,M.Andrews,BAL,IND,receiving_yards,35.5,22.3,-13.2,under,16,
Saquon Barkley,S.Barkley,PHI,WAS,rush_yards,78.5,91.5,13.0,over,16,
Terry McLaurin,T.McLaurin,WAS,PHI,receiving_yards,49.5,58.7,9.2,over,16,
Dalton Kincaid,D.Kincaid,BUF,HOU,receiving_yards,36.5,45.7,9.2,over,16,
Tyler Warren,T.Warren,IND,BAL,receiving_yards,45.5,36.3,-9.2,under,16,
Ashton Jeanty,A.Jeanty,LV,MIA,rush_yards,57.5,66.0,8.5,over,16,
Michael Pittman Jr.,M.Pittman,PIT,ATL,receiving_yards,41.5,33.7,-7.8,under,16,
Jonathan Taylor,J.Taylor,IND,BAL,rush_yards,75.5,68.2,-7.3,under,16,
Jaylen Waddle,J.Waddle,DEN,KC,receiving_yards,50.5,43.3,-7.2,under,16,
Joe Burrow,J.Burrow,CIN,TB,pass_yards,268.5,261.6,-6.9,under,16,
Chase Brown,C.Brown,CIN,TB,rush_yards,61.5,68.4,6.9,over,16,
Ja'Marr Chase,J.Chase,CIN,TB,receiving_yards,83.5,89.9,6.4,over,16,
Josh Allen,J.Allen,BUF,HOU,pass_yards,224.5,230.4,5.9,over,16,ambiguous 2 -> picked J.Allen
Bucky Irving,B.Irving,TB,CIN,rush_yards,57.5,62.8,5.3,over,16,
D'Andre Swift,D.Swift,CHI,CAR,rush_yards,62.5,66.5,4.0,over,16,
Patrick Mahomes,P.Mahomes,KC,DEN,pass_yards,231.5,228.0,-3.5,under,16,
Bo Nix,B.Nix,DEN,KC,pass_yards,225.5,229.0,3.5,over,16,
Nico Collins,N.Collins,HOU,BUF,receiving_yards,66.5,63.1,-3.4,under,16,
James Cook III,J.Cook,BUF,HOU,rush_yards,77.5,79.7,2.2,over,16,
Christian Watson,C.Watson,GB,MIN,receiving_yards,54.5,52.7,-1.8,under,16,
Breece Hall,B.Hall,NYJ,TEN,rush_yards,63.5,63.3,-0.2,under,16,ambiguous 3 -> picked B.Hall
Dallas Goedert,D.Goedert,PHI,WAS,receiving_yards,36.5,36.4,-0.1,under,16,
