season,candidate,n,mae,mae_vs_elo
2021,ELO only,1588,11.33679164823374,0.0
2021,ELO+OffEPA,1588,11.248906465461234,0.08788518277250461
2021,ELO+Off+Def EPA,1588,11.457272912223765,-0.1204812639900261
2021,+NetSR,1588,11.507319347099246,-0.17052769886550706
2021,+W-L,1588,11.573410926877195,-0.23661927864345803
2021,+PtDiff,1588,11.580692540355324,-0.24390089212158705
2021,Learned,1588,11.211175255782855,0.12561639245088183
2022,ELO only,1573,10.012246955973533,0.0
2022,ELO+OffEPA,1573,9.650036201544944,0.36221075442858935
2022,ELO+Off+Def EPA,1573,9.768067936258038,0.24417901971549472
2022,+NetSR,1573,9.649933025587453,0.3623139303860794
2022,+W-L,1573,9.76079520812432,0.2514517478492126
2022,+PtDiff,1573,9.683295828886708,0.32895112708682345
2022,Learned,1573,9.63393781233483,0.37830914363870133
