split,candidate,n,mae,mae_vs_elo
early(1-3),ELO only,1437,10.495005006357152,0.0
early(1-3),ELO+OffEPA,1437,10.47356193682612,0.021443069531031464
early(1-3),ELO+Off+Def EPA,1437,10.618629216678832,-0.12362421032167988
early(1-3),+NetSR,1437,10.682918260330718,-0.18791325397356531
early(1-3),+W-L,1437,10.673559599812254,-0.17855459345510252
early(1-3),+PtDiff,1437,10.675742977701452,-0.18073797134430042
early(1-3),Learned,1437,10.47484990350653,0.020155102850621935
late(13+),ELO only,471,10.772109961738142,0.0
late(13+),ELO+OffEPA,471,10.530328505502853,0.24178145623528666
late(13+),ELO+Off+Def EPA,471,10.781428501697363,-0.009318539959221574
late(13+),+NetSR,471,10.689205807203697,0.08290415453444376
late(13+),+W-L,471,10.750710367552195,0.021399594185945326
late(13+),+PtDiff,471,10.708998957492277,0.06311100424586293
late(13+),Learned,471,10.526741564375532,0.24536839736260788
mid(4-12),ELO only,2690,10.661124835376535,0.0
mid(4-12),ELO+OffEPA,2690,10.439771630517024,0.2213532048595124
mid(4-12),ELO+Off+Def EPA,2690,10.587831756150846,0.07329307922568962
mid(4-12),+NetSR,2690,10.564443062174618,0.09668177320191627
mid(4-12),+W-L,2690,10.657517781094223,0.003607054282312233
mid(4-12),+PtDiff,2690,10.62380133232126,0.037323503055275674
mid(4-12),Learned,2690,10.408711973295537,0.25241286208099967
